Beurla,noun
Budach,noun
Budachd,noun
Crìosd,noun
Crìosdaidheachd,noun
Crìosdail,adjective
Cànan Mharcaidh Haidhpirteacsa,noun
Eòrpach,noun
Fraingis,noun
Gearmailtis,noun
Gàidheal,noun
Gàidhlig,noun
Hindeach,noun
Iùdhachd,noun
Lochlannach,noun
Spainntis,noun
a dh’aindeoin,other
a dh’aithghearr,other
a-muigh,other
a-màireach,other
a-rithist,other
a-rèir,other
abair,verb
abairt,noun
abairt-faire,noun
abhainn,noun
ablach,noun
acadaimigeach,adjective
acfhainn,noun
achadh,noun
achadh-buana,noun
acriolach,adjective
acriolaig,noun
actanach,noun
acustaig,noun
adacs,noun
adaptair,noun
adhair-bheàrn,noun
adhar,noun
adharail,adjective
adhartach,adjective
adhartas,noun
adhbhar,noun
adhbharachadh,noun
adhbrann,noun
adhlacadh,noun
adhrachail,adjective
adhradh,noun
adiabataig,noun
aibidil,noun
aibidileach,adjective
aicinn,noun
aideachadh,noun
aidmheinteach,noun
aig tàmh,other
ailbheòlar,noun
ailealomorf,noun
aileirdsidh,noun
aillse,noun
ailseabra,noun
ailtire,noun
ailtireach,adjective
ailtireachail,adjective
ailtireachd,noun
ain-dligheach,adjective
aingidh,adjective
ainm,noun
ainm taisbeanaichte,noun
ainm-faidhle,noun
ainm-loga,noun
ainm-pinn,noun
ainm-sgrìobhte,noun
ainmear,noun
ainmeil,adjective
ainmh-eòlas,noun
ainmhidh,noun
ainmneach,adjective
ainneart,noun
air ais,other
air ais (ann) an tiota,other
air leth,other
air-loidhne,other
aire,noun
airgead,noun
airgead-beò,noun
airidh air,adjective
ais-phàigheadh,noun
aiseag,noun
aisigeach,adjective
aisling,noun
aiste,noun
aistear,noun
aitheamh,noun
aithisg,noun
aithne,noun
aithne-eòlas,noun
aithneachadh,noun
aithreachail,adjective
aithreachas,noun
aithris,noun
alcaileach,adjective
alcalaidh,noun
alcol,noun
allt,noun
aloidh,noun
alt,noun
am measg,other
am-meidheadair,noun
amadan,noun
amaideach,adjective
amaideas,noun
amalaichte,adjective
amar,noun
amas,noun
amharas,noun
amniotaig,other
an aghaidh,other
an sàs ann,other
an urra ri,other
an-aidheonach,adjective
an-asgaidh,other
an-còmhnaidh,other
an-dràsta,other
an-dè,other
an-fhoiseal,adjective
an-gnìomh,other
an-iochdmhor,adjective
an-èarobaig,adjective
anabharr,adjective
anail,noun
anailis,noun
anailiseach,adjective
anainn,noun
analachadh,noun
analog,adjective
anam,noun
annasach,adjective
antamonaidh,noun
anti-biotaig,noun
anti-ogsaideant,noun
anti-seaptaig,noun
antropaig,adjective
aodach,noun
aodach-fighte,noun
aoghaireil,adjective
aoibhneach,adjective
aoigh,noun
aoigheachd,noun
aoir,noun
aoireadh,noun
aon-ghuthach,adjective
aonad,noun
aonadh,noun
aonaichte,adjective
aonranach,adjective
aonranas,noun
aosta,adjective
aotram,adjective
ar-a-mach,noun
argamaid,noun
aritmeataig,noun
arm,noun
armachd,noun
armailt,noun
arsnaig,noun
artaigil,noun
as leth,other
asna,noun
astar,noun
ath-aithris,verb
ath-bhreith,noun
ath-chluiche,noun
ath-cholainneadh,noun
ath-chuartachadh,noun
ath-dhealbh,noun
ath-dhèan,verb
ath-dhèanamh,noun
ath-innse,noun
ath-leasaichte,adjective
ath-nuadhachadh,noun
ath-nuadhachail,adjective
ath-obair,noun
ath-riochdachadh,noun
ath-rèitich,verb
ath-sgrìobh,verb
ath-sgrùdadh,noun
ath-thòisich,verb
atharrachadh,noun
atharrachadh gnàth-shìde,noun
atharraichear,noun
atharrais,noun
a’ Bhìoball,noun
a’ mhòr-shluaigh,noun
bacadh,noun
bacadh-dealain,noun
bacadh-èadhair,noun
badmantan,noun
bagairt,noun
baile,noun
baile-mòr,noun
bailead,noun
baileil,adjective
bailiùn,noun
bailteil,adjective
bainne-milis,noun
baisteach,noun
balach,noun
balbh,adjective
balg,noun
balg-sèididh,noun
ball-basgaid,noun
ball-pàrlamaid,noun
ball-sneachda,noun
ban-dia,noun
bana-bhuidseach,noun
banachdach,noun
banas-taighe,noun
bann-leathann,noun
bannas,noun
barail,noun
baratòn,noun
baroc,noun
basgaid,noun
basùn,noun
bata,noun
batal,noun
bathar,noun
beachd,noun
beachd-bharail,noun
beadraich,verb
beag,adjective
beag air bheag,other
beag-fhaclair,noun
beairt,noun
beann,noun
beannachd,noun
beartach,adjective
beatha,noun
beathach,noun
beathachadh,noun
beinn,noun
beinn-deighe,noun
beirmear,noun
beothachadh,noun
beothaichte,adjective
beothail,adjective
beothalachadh,noun
beothalaich,verb
beuc,noun
beul-aithris,noun
beus,noun
beus-chleaf,noun
beus-eòlas,noun
beus-loidhne,noun
beàrn,noun
beàrn-air-ais,noun
beò-eòlas,noun
beòil,noun
bhailbh,noun
bhanadium,noun
bhascular,adjective
bheactor,noun
bheartagail,adjective
bhideo,noun
bholcàno,noun
bholtaids,noun
bhìogan,noun
bhìoras,noun
bhòt,noun
biadh,noun
bian,noun
biathadh,noun
biathadh-lìn,noun
billean,noun
binn,adjective
biolair-uisge,noun
biosmat,noun
biot,noun
biot-mhapa,noun
birlinn,noun
bith,noun
bith-cheimigeachd,noun
bith-chonnadh,noun
bith-eòlach,noun
bith-eòlaiche,noun
bith-eòlas,noun
bith-iomadachd,noun
bith-lobhach,noun
bith-phrosbaig,noun
bith-theicneòlas,noun
bith-thomad,noun
bitheach,noun
biùgan,noun
blaigeard,noun
blas-cainnt,noun
bleith,noun
bliadhna-grèine,noun
bliadhna-solais,noun
bliadhnail,adjective
blogaire,noun
bloigh,noun
blàr,noun
blàth,adjective
bodach,noun
bodhaig,noun
bodhar,adjective
bogha-sìos,noun
bogsa,noun
bogsa a-mach,noun
bogsa a-steach,noun
bogsa puist-d,noun
bogsa-dearbhaidh,noun
bogsa-rabhaidh,noun
boillsgeadh,noun
boireannach,noun
boiteag,noun
boiteag-tiùb,noun
boma,noun
bonn,noun
bonn-theacsa,noun
borb,adjective
boron,noun
botal,noun
bothan,noun
bragail,adjective
brat-ùrlar,noun
bratach,noun
brath,noun
brath puist-d,noun
breige,noun
breigear,noun
breitheanas,noun
breithneachadh,noun
breug,noun
breug-bheachd,noun
briathrachas,noun
briseadh-dùil,noun
brisgean-milis,noun
bristeal,noun
brobhs,verb
brobhsair,noun
brosnachadh,noun
brosnachail,adjective
bruach,noun
bruadair,noun
bruidhinn,noun
bruthadh,noun
bràiste,noun
bràmair,noun
brèagha,adjective
brìgh,noun
brìgheil,adjective
bròg-spòrs,noun
brònach,adjective
brùideil,adjective
brùth,verb
buadh,noun
buadhair,noun
buaidh,noun
buaidh-astair,noun
buaireadh,noun
buannachd,noun
buidheann,noun
buil,noun
buil ionnsachaidh,noun
buileachadh,noun
buille,noun
buille-cheòl,noun
buille-cuisle,noun
buille-dealain,noun
bun-bheachd,noun
bun-dealain,noun
bun-ghnìomhachas,noun
bun-loidhne,noun
bun-reachdail,adjective
bun-stèidh,noun
bun-thomhas,noun
bunaiteach,adjective
buntanas,noun
burraidheachd,noun
bàgh,noun
bàigheil,adjective
bàn,adjective
bàn,noun
bàn-dhearg,adjective
bàr,noun
bàr ceangail,noun
bàr seòlaidh,noun
bàr-beàirn,noun
bàr-inneal,noun
bàr-loidhne,noun
bàr-mearachd,noun
bàr-menu,noun
bàr-seòlaidh,noun
bàrd,noun
bàrr,noun
bàrr-deasga,noun
bàrr-suime,noun
bàs,noun
bàta,noun
bìoball,noun
bòbhladh,noun
bòidhchead,noun
bòidheach,adjective
bònas,noun
bòrd,noun
bòrd-brath,noun
bòrd-geal,noun
bòrd-ùrlair,noun
bùrn,noun
bùth-obrach,noun
cabhaig,noun
caibideal,noun
cailc,noun
cailin,noun
cailleach,noun
cailleach-oidhche,noun
cainnt-lann,noun
cairt,noun
cairt-aithneachaidh,noun
cairt-creideis,noun
cairt-iùil,noun
cairt-siubhail,noun
cairteal,noun
caisead,noun
caisteal,noun
caithe-beatha,noun
caitheadair,noun
caitheamh,noun
call,noun
calman,noun
camas,noun
canadh,noun
canadh-eaglaise,noun
canal,noun
caochladair,noun
caochlaideach,adjective
caoineadh,noun
caol,adjective
caolan,noun
caolas,noun
capadach,adjective
car,noun
carabhaidh,noun
caractar,noun
caraid,noun
carbohaidreat,noun
carragh,noun
carson,other
carthannach,adjective
cartùn,noun
casachain,noun
casachan,noun
casaid,noun
casaid-cùirte,noun
casg,verb
casg-breith,noun
casg-gineamhainn,noun
casg-searbhaig,noun
casgte,adjective
catailist,noun
catalog,noun
cath,noun
cathair,noun
catharra,adjective
cathraiche,noun
cead,noun
cead-cleachdaidh,noun
ceadaich,verb
cealla,noun
cealla-dachaigh,noun
ceangail,verb
ceangailte,adjective
ceangal,noun
ceangalachan,noun
ceann,noun
ceann-bliadhna,noun
ceann-latha,noun
ceann-theacsa,noun
ceannard,noun
ceannasach,adjective
cearban,noun
cearc,noun
cearcall,noun
cearcall-thomhas,noun
ceart,adjective
ceart-cheàrnach,adjective
ceart-cheàrnach,noun
ceart-cheàrnachail,adjective
ceartas,noun
ceasnachadh,noun
ceasneachail,adjective
ceathrad,noun
ceathramh,other
ceimigeach,noun
ceist,noun
ceithir-cheàrnach,noun
ceithir-cheàrnach co-shìnte,noun
ceudachd,noun
ceudad,noun
ceudagram,noun
ceudaliotair,noun
ceudameatair,noun
ceudamh,other
ceumnachadh,noun
ceàird,noun
ceàrn,noun
ceàrn-àrdachaidh,noun
ceàrn-ìsleachaidh,noun
ceàrnag,noun
ceàrnaidh,noun
ceàrnanach,adjective
ceàrr,adjective
ceòl,noun
ceòl-càraid,noun
ceòl-taic,noun
ceòladaireachd,noun
ceòlann,noun
cia mheud,other
ciad-fhiacail,noun
ciad-fàth,noun
ciall,noun
ciallach,adjective
ciamar,other
cianalas,noun
ciaradh,noun
cidhe,noun
cile-uat,noun
cileagram,noun
cilemeatair,noun
cineataig,adjective
cinne-daonna,noun
cinneadh,noun
cinnidheachd,noun
ciombal,noun
ciont,noun
ciontach,adjective
ciorram,noun
ciste-laighe,noun
ciùb,noun
ciùb-ceangail,noun
ciùbach,adjective
ciùbaichte,adjective
ciùbaid,noun
ciùin,adjective
clabhacord,noun
clach,noun
clach-ghràin,noun
clach-meinnir,noun
clach-mheallain,noun
clach-mhuilinn,noun
clachair,noun
clachaireachd,noun
cladach,noun
cladh,noun
clag-glainne,noun
claidheamh,noun
claigeann,noun
claigeann-eòlas,noun
claisneachd,noun
claon-bhreith,noun
clasaigeach,adjective
clat-tomhais,noun
cleachdadh,noun
cleaf,noun
cleas,noun
cleasaiche,noun
cliabh,noun
cliath,noun
cliath-dhuilleag,noun
cliath-lorgaidh,noun
cliog,noun
clionaigeach,adjective
cliùiteach,adjective
clogaid,noun
cluas,noun
cluich,verb
cluich a-nis,verb
cluicheadair,noun
cluicheadair flash,noun
clàbaraiche,noun
clàr,noun
clàr-ama,noun
clàr-amais,noun
clàr-bhioran,noun
clàr-bhlòighean,noun
clàr-cearcaill,noun
clàr-cholbhan,noun
clàr-cluiche,noun
clàr-dhealbhan,noun
clàr-dèante,noun
clàr-fhicail,noun
clàr-ghnothaich,noun
clàr-innse,noun
clàr-iùil,noun
clàr-leabhraichean,noun
clàr-notaireachd,noun
clàr-sgrìobhaidh,noun
clàr-shràcan,noun
clàr-triceid,noun
clàradh,noun
clàraich,verb
clàs,noun
clèireach,noun
clì,noun
clò,noun
clò-bhauil,noun
clò-bhualadair,noun
clòimh-liath,noun
clòraid,noun
clòrain,noun
clòrofail,noun
clòroplast,noun
cnag na cùise,noun
cnatan,noun
cnoc,noun
cnàimh,noun
cnàimh-droma,noun
cnàmh-bìdh,noun
cnò-dharaich,noun
co-amail,adjective
co-aontar,noun
co-astarail,adjective
co-chasach,adjective
co-cheangailte,adjective
co-cheangal,noun
co-chomann,noun
co-chomhairleachaidh,noun
co-chomharra,noun
co-chothromachd,noun
co-chuid,noun
co-chuir,verb
co-chur,noun
co-chòrdach,adjective
co-chòrdachd,noun
co-chòrdanaiche,noun
co-dhiù,other
co-dhùnadh,noun
co-eòlaiche,noun
co-fhaclair,noun
co-fhaireachdainn,noun
co-fhlaitheas,noun
co-fhreagarrach,adjective
co-fhuaimeachd,noun
co-fhuaimneachadh,noun
co-fhuaimneachd,noun
co-ghnìomhair,noun
co-iomlaideach,adjective
co-ionann,adjective
co-ionannachd,noun
co-labhairt,noun
co-leanailteas,noun
co-leantainneach,adjective
co-leasachail,adjective
co-là-breith,noun
co-mheadhanach,adjective
co-mheas,noun
co-mheasadh,noun
co-obrachadh,noun
co-obrachail,adjective
co-phàirt,noun
co-phàirteach,adjective
co-sheirm,noun
co-sheirmeach,adjective
co-shìnt,adjective
co-theacsa,noun
co-thional,noun
co-thionndadh,adjective
co-thàthadh,noun
co-èifeachd,noun
co-èifeachdair,noun
co-òrdanaiche,noun
coda,noun
cofhurtail,adjective
coibhneil,adjective
coigreach,noun
coileanadh,noun
coileanta,adjective
coille,noun
coille-uisge,noun
coilltearachd,noun
coimeas,noun
coimeasach,adjective
coimheach,adjective
coimhearsnachd,noun
coimpiutair,noun
coimpiutaireachd,noun
coire-dhruma,noun
coisridh,noun
coitcheann,adjective
coitheanal,noun
colaiste,noun
colbh,noun
colbh-bheactor,noun
coltachd,noun
coltas,noun
com-pàirteachas,noun
com-pàirtiche,noun
coma,adjective
comaist,noun
comann,noun
comas,noun
comas ceangail,noun
comas-guth,noun
comas-lìonaidh,noun
comas-obrach,noun
comasach,adjective
comhairle,noun
comhairliche,noun
comhaois,noun
comharra,noun
comharra duilleige,noun
comharra-ceangail,noun
comharra-clèithe,noun
comharra-cunntaidh,noun
comharra-cùrsa,noun
comharra-dearbhaidh,noun
comharra-gleus,noun
comharra-tìme,noun
comharrachadh,noun
comharradh,noun
comharraichte,adjective
comhlachas,noun
compàirteachadh,noun
conadal,noun
conaltradh,noun
concrait,noun
connadh,noun
connrag,noun
connspaid,noun
connspaideach,adjective
consairt,noun
contrafhonn,noun
contrapuing,noun
copaidh,noun
copaidh carbon falaichte,noun
copaidh-dìon,noun
cord,noun
corn,noun
corporra,adjective
corra,adjective
corra-mhitheag,noun
cosamhlachd,noun
cosgais,noun
cosmaig,adjective
cosmeòlas,noun
cosmeòlasach,adjective
cosnadh,noun
costa,noun
cothrom,noun
cothromach,adjective
crac,noun
crann,noun
craobh,noun
crasg,verb
creach,noun
creamh-gàrraidh,noun
creideamh,noun
creideas,noun
creidsinn,noun
creud,noun
creutair,noun
cridhe,noun
criomadair,noun
criomag,noun
criopton,noun
crios,noun
crios-grèine,noun
crios-meadhain,noun
criostal-eòlas,noun
crith,noun
crith-thalmhainn,noun
crois,noun
croit,noun
croitear,noun
croitearachd,noun
croitseat,noun
cromataig,adjective
cromataigeachd,noun
cron,noun
cruaidh-shligneach,noun
cruan,noun
cruinn-eòlach,noun
cruinn-eòlas,noun
cruinne,noun
cruinne-cè,noun
cruinneachadh,noun
cruinneachas,noun
cruinneil,adjective
cruth,noun
cruth-atharrachadh,noun
cruth-dhealbh,noun
cruthachail,adjective
cruthachaileachd,noun
cruthadair-ciùil,noun
cruthaich,verb
cràbhach,adjective
crìoch,noun
crìochnaich,verb
cròmasom,noun
cròmat,noun
cròmo-liotografaidh,noun
crònan,noun
cuach-aibhne,noun
cuairt,noun
cuairt-shruthach,adjective
cuairt-thomhas,noun
cuairt-òran,noun
cuairtchearcall,noun
cuairteach,adjective
cuan,noun
cuantam,noun
cuartachadh,noun
cuartaich,noun
cuartaich,verb
cudromach,adjective
cuibheas,noun
cuibhreann,noun
cuid,noun
cuideachadh,noun
cuideam,noun
cuideigin,noun
cuideil,adjective
cuimhne,noun
cuimhneachain,noun
cuir a-steach,verb
cuir air bhog,verb
cuir an gnìomh,verb
cuir an sàs,verb
cuir fios,verb
cuir ris,verb
cuiridh,noun
cuirte,adjective
cuisle,noun
cuisle-mhòr,noun
cularan,noun
cultar,noun
cumadh,noun
cumail-taighe,noun
cumhachd,noun
cumhachdach,noun
cumhang,adjective
cunbhalach,adjective
cunnt,verb
cunntair,noun
cunntas,noun
cunntas puist-d,noun
cunntasachd,noun
cunntasair,noun
cupa,noun
cur an cèill,noun
cur an sàs,noun
cur-ris,noun
cur-seachad,noun
curaidh,noun
curraicealam,noun
cursair,noun
cuèbhear,noun
càch,noun
càileachd,noun
càineadh,noun
càirdeach,adjective
càirdeil,adjective
càirean,noun
cànan,noun
cànanachas,noun
càr,noun
càradh,noun
càraid,noun
càrn,noun
cèilidh,noun
cèir,noun
cèis,noun
cìobair,noun
cìocrach,adjective
cìs,noun
cìs-bhuailteach,adjective
cò,other
còd,noun
còd-faire,noun
còd-àireamh,noun
còig-cheàrnach,noun
còig-nota,noun
còigeamh,other
còir,noun
còisireach,adjective
còisridh,noun
còmhardadh,noun
còmhdach,adjective
còmhdaich,noun
còmhdail,noun
còmhlan,noun
còmhnaidheach,adjective
còmhnard,adjective
còmhradh,noun
còmhragaiche,noun
còn,noun
còr,noun
còraichean,noun
còrr-ùine,noun
còsag,noun
cùbhraidh,adjective
cùirt,noun
cùirtear,noun
cùis,noun
cùis-lagha,noun
cùl-fiosrachaidh,noun
cùl-raon,noun
cùlag,noun
cùm ort,verb
cùm sìos,verb
cùmhnant,noun
cùmhnantan,noun
cùram,noun
cùram-cloinne,noun
cùrsa,noun
cùrsa-beatha,noun
dachaigh,noun
dachaigheil,adjective
daibìotas,noun
daineamaigs,noun
daingneachadh,noun
daingnich,verb
dall,adjective
damhan-allaidh,noun
dannsa-cruinn,noun
daoimean,noun
daolag,noun
daonn-eòlas,noun
daonna,noun
daonnachas,noun
daonnachd,noun
daonnaire,noun
daor,adjective
data,noun
dath,noun
dathte,adjective
deadhan,noun
deagh-ghnè,noun
dealachadh,noun
dealan,noun
dealan-dè,noun
dealan-mhagnaiteach,adjective
dealasach,adjective
dealbh,noun
dealbh-camara,noun
dealbh-chluiche,noun
dealbh-chruth,noun
dealbh-peant,noun
dealbhag,noun
dealta,noun
deamografaig,adjective
dearbh,adjective
dearbh,verb
dearbh-aithne,noun
dearbhachd,noun
dearbhadair,noun
dearbhadh,noun
deas,adjective
deas-ghnàth,noun
deas-thònadh,noun
deasaiche,noun
deasail,adjective
deasbad,noun
deasbaireachd,noun
deatach,noun
deatachadh,noun
deichead,noun
deigh,noun
deilbh,noun
deilbh-tìre,noun
deimhinne,adjective
deireadh,noun
deireadh-sheachdain,noun
deisciobal,noun
deiseil,adjective
deit,noun
demisemicuèbhear,noun
deoch,noun
deoch-làidir,noun
deuchainn,noun
deuchainneach,adjective
deàrrsadh,noun
dia,noun
diadhachd,noun
diadhaire,noun
diatonaig,adjective
dibhearsain,noun
didseatach,adjective
diofraichte,adjective
diog,noun
dioplòma,noun
dioplòmasaidh,noun
diosg,noun
diospròsium,noun
diotar,noun
diùbhrasach,noun
dleastanas,noun
dlùth-cheàrn,noun
dlùth-chruth,noun
dlùth-leughadh,noun
dlùths,noun
do-chreidsinneach,adjective
do-fhaotainn,adjective
do-roinnte,adjective
do-smaoineachail,adjective
doimhneachd,noun
doirbh,adjective
dol a-mach,noun
dol fodha,noun
dolair,noun
domhainn,adjective
domhan-fhad,noun
dona,adjective
dorchadas,noun
dorsair,noun
dotag,noun
dotagach,adjective
dragh,noun
draoidh,noun
draoidh ruigsinneachd,noun
dreach,noun
dreachd,noun
dreag,noun
dreagag,noun
dreuchd,noun
drochaid,noun
druim-altach,noun
druma,noun
dràibh,verb
dràibhear,noun
dràma,noun
drùidhteach,adjective
duais,noun
duais-roinn,noun
dualchainnt,noun
dualchas,noun
dubh às,verb
dubh-ghorm,adjective
dubhadh,noun
dubhradh,noun
dubhsgàil,noun
dublaid,noun
duilgheadas,noun
duilich,adjective
duilleag-dachaigh,noun
duilleag-obrach,noun
duiseal,noun
dusan,noun
dà-chànanach,adjective
dà-fhillte,adjective
dà-ogsaid,noun
dàimh,noun
dàn,noun
dàna,adjective
dèilig,verb
dèiligeadh ri,noun
dèine,noun
dì-chomasaichte,adjective
dì-chomharraich,verb
dìcheallach,adjective
dìleab,noun
dìleas,noun
dìochuimhnich,verb
dìoghaltas,noun
dìomhair,noun
dìomhaireachd,noun
dìon,verb
dìon chloinne,noun
dìon-bodhaig,noun
dìonachd,noun
dìreach,adjective
dìreadh,noun
dìrich,verb
dìsinn,noun
dìth,noun
dòchasach,adjective
dòigh,noun
dòigh-beatha,noun
dòigheil,adjective
dòrainneach,adjective
dùbail,noun
dùbailte,adjective
dùbhlan,noun
dùblachadh,noun
dùin,verb
dùnadh,noun
dùrachd,noun
dùthaich,noun
dùthchail,adjective
eacarsaich,noun
each-mara,noun
eachdraidh,noun
eachdraidh-beatha,noun
eaconamaidh,noun
eaconomas,noun
eadar,other
eadar-aghaidh,noun
eadar-ama,noun
eadar-chairtealach,noun
eadar-chluich,noun
eadar-chuspaireil,noun
eadar-dhealaichte,noun
eadar-ghnìomhach,noun
eadar-ghnìomhail,noun
eadar-lìon,noun
eadar-mhìneachadh,noun
eadar-mhìnich,noun
eadar-nàiseanta,noun
eadar-obair,noun
eadar-obrachail,noun
eadar-sgaoil,noun
eadar-sgaoileadh,noun
eadar-sgarachdainn,noun
eadhon,noun
eadra-gnè,noun
eadra-lìon,noun
eag-eòlach,noun
eag-eòlas,noun
eag-sgoil,noun
eag-shiostam,noun
eagal,noun
eagallach,noun
eaglais,noun
eaglais-eòlas,noun
eaglaiseil,noun
eagraich,noun
ealain,noun
ealain agus deilbh,noun
ealanta,noun
ealastomar,noun
eanchainn,noun
ear,noun
ear-dheas,noun
earbsach,noun
earrann,noun
eas-aontar,noun
eas-aontarachd,noun
eas-fhuaimneach,noun
eas-fhuaimneachd,noun
eas-sheirm,noun
easbhaidh,noun
eathar,noun
eigh-shruth,noun
eileagtronaigeach,noun
eileamaid,noun
eilean,noun
einnsean-lorg,noun
einnseanaireachd,noun
eisimpleir,noun
eisir,noun
eitean,noun
eitneografaidh,noun
eitneòlaiche,noun
eitneòlas,noun
eits,noun
eitseadh,noun
eitseadh tioram,noun
emfasìoma,noun
eu-dòchais,noun
eu-dòchasach,noun
eu-tònalach,noun
euchd,noun
eucoir-eòlas,noun
eucoir-saidhbear,noun
eucorach,noun
eun,noun
euslaint,noun
euslainteach,noun
eòlaiche,noun
eòlaiche-chnàmhan,noun
eòlaiche-fiosaig,noun
eòlaiche-sluaigh,noun
eòlas corporra,noun
eòlas creideimh is moraltachd,noun
eòlas gnothachais,noun
eòlas pearsantaagussòisealta,noun
eòlas-bodhaig,noun
eòlas-cheallan,noun
eòlas-cungaidh,noun
eòlas-diadhachd,noun
eòlas-dualchainnt,noun
eòlas-inntinn,noun
eòlas-leigheis,noun
eòlas-sgrìobhaidh,noun
eòlas-sluaigh,noun
eòlas-tomhais,noun
fa leth,noun
fa-near,noun
facal-faire,noun
faclair,noun
factar,noun
factaraich,noun
fad-bheatha,noun
fada,noun
faiceallach,noun
faid,noun
faidhle,noun
faidhle-fiosrachaidh,noun
faidhle-fuaim,noun
faileas,noun
faireachdainn,noun
faisg-dhùblachadh,noun
faisg-iomad,noun
falach,noun
falaichte,noun
falaisg,noun
falamh,noun
fallain,noun
fallaineachd,noun
famh,noun
fann,noun
faoileag,noun
faoin,noun
far-loidhne,noun
farmad,noun
farsaing,noun
farsaingeachd,noun
fasgadh,noun
feabhasach,noun
feachd,noun
feallsanachd,noun
feallsanachdail,noun
feamainist,noun
fear-tàileisg,noun
feargach,noun
feart,noun
ferro-choncrait,noun
feumalachd,noun
feumalachdan taice a bharrachd,noun
feòil-itheadair,noun
fhathast,noun
fiabhras,noun
fiacail-crìche,noun
fiacail-cùil,noun
fiachan,noun
fiadhaich,noun
fialaidh,noun
fiamh-dhath,noun
fianais,noun
fiaradh,noun
ficheadamh,noun
ficsean,noun
figear,noun
figearail,noun
fileamaid,noun
fileanta,noun
filleadh,noun
fiodh,noun
fiodhach,noun
fionnar,noun
fionnarachadh,noun
fiosaigs,noun
fiosrachadh,noun
fiseadh,noun
fiùran,noun
fiù’s,noun
flaiseadh,noun
flaitheas,noun
fliuch,noun
fluaraid,noun
fo-bhuidheann,noun
fo-cheann,noun
fo-dhearg,noun
fo-dheuchainn,noun
fo-làrach,noun
fo-mhothachadh,noun
fo-phlanaid,noun
fo-roinn,noun
fo-roinneadh,noun
foghlam,noun
foghlam adhartach,noun
foighidneach,noun
foileag,noun
foillseachadh,noun
foillsich,noun
foireansach,noun
foirmeil,noun
foirmle,noun
fois-fòirneirt,noun
follaiseach,noun
fonaigs,noun
foneataigs,noun
foneòlas,noun
fonn,noun
fonn-duain,noun
fonnmhor,noun
forc(a),noun
forsa,noun
fosail,noun
fosfar,noun
fosfaras,noun
fosfonat,noun
fosgail,noun
foto-co-chur,noun
fradharc,noun
frasair,noun
freagairt,noun
freagarrach,noun
freagarrachd,noun
freagrachadh,noun
freagraich,noun
freicead,noun
freumh,noun
freumh-fhaclachd,noun
frithealadh,noun
frithealaiche,noun
frèam,noun
fuachd,noun
fuaigheal,noun
fuaigheil,noun
fuaim,noun
fuaim-tarsainn,noun
fuaimealas,noun
fuaimneachadh,noun
fuaimreachadh,noun
fuaimreag,noun
fuasgladh,noun
fuil,noun
fuincsean,noun
fàg,noun
fàidh,noun
fàileadh,noun
fàire,noun
fànas,noun
fàs-bheairt,noun
fàs-bheairteach,noun
fàsachadh,noun
fèilidh,noun
fèin,noun
fèin-mheasadh,noun
fèin-mhìneachail,noun
fèin-obrachail,noun
fèineil,noun
fèis,noun
fèith,noun
fèith-fala,noun
fèith-lùthaidh,noun
fèitheach,noun
fèitheag,noun
fìllte,noun
fìon,noun
fìon-geur,noun
fìon-lios,noun
fìor,noun
fìor-cheart,noun
fìor-fhaid,noun
fìor-uisge,noun
fìreanachadh,noun
fìrinn,noun
fìrinneach,noun
fòn-làimhe,noun
fòram,noun
fòrladh,noun
fòrmat,noun
gaineag-eòlas,noun
gainnead,noun
gairmeach,noun
gaiseadh,noun
gaisgeach,noun
gal,noun
galan,noun
galar,noun
gaoisnean,noun
gath,noun
gealach,noun
gealachail,noun
gealladh-pòsaidh,noun
gealtaire,noun
geama,noun
ged tà,noun
geo-thearmach,noun
geoimeatrach,noun
geoimeatraidh,noun
geur,noun
geur-leamhainn,noun
geàrr,noun
geàrr ceangal,noun
geàrr-chunntas,noun
geàrr-sgrìobhadh,noun
geòlaiche,noun
geòlas,noun
gille,noun
gine,noun
gineadh,noun
ginealach,noun
ginean,noun
gineòm,noun
ginideach,noun
ginteil,noun
gintinneachd,noun
giogabaidht,noun
giorrachadh,noun
giotàr,noun
giullachd,noun
giùlan,noun
glac,noun
glainne,noun
glaiste,noun
glan,noun
glaodh,noun
glaodhan,noun
glasraiche,noun
gleadhar,noun
gleann,noun
gleus,noun
glic,noun
gliocas,noun
gluasad,noun
glèidhte,noun
glèidhteachas,noun
glòir,noun
glùcos,noun
gnothachas,noun
gnàth-shìde,noun
gnàth-ìomhaigh,noun
gnàthaich,noun
gnàthas,noun
gnè,noun
gnìomh,noun
gnìomhach,noun
gnìomhachadh,noun
gnìomhachas,noun
gnìomhachas-seirbheis,noun
gnìomhachasadh,noun
gnìomhaich,noun
gnìomhair,noun
gnùis-eòlas,noun
gob,noun
gobha,noun
gobhar-fhiadhaich,noun
goireas,noun
goirt,noun
gort,noun
grabhatach,noun
grabhataidh,noun
grad-lorg,noun
graf,noun
graf-bhannan,noun
graf-bhlocaichean,noun
graf-bhogsaichean,noun
graf-cearcaill,noun
graf-cholbhan,noun
graf-sgapte,noun
graf-spìceach,noun
grafaigs,noun
graifit,noun
grain-cinnidheachd,noun
grannda,noun
grian,noun
grian-stad,noun
grinn,noun
grodadh,noun
gruamach,noun
gràbhalachd,noun
gràbhalaiche,noun
gràin,noun
gràineil,noun
gràs,noun
gu h-obann,noun
guth,noun
guth-clèibh,noun
guth-meadhain,noun
guthach,noun
gàrradaireachd,noun
gèidh,noun
gòrach,noun
haidreolaig,noun
haidrid,noun
haidridean,noun
haloidean,noun
harmonaig,noun
heactair,noun
hemidemisemicuèbhear,noun
iadhaire,noun
iall,noun
ialtag,noun
iar,noun
iar-bhreith,noun
iar-cheannard,noun
iar-chlasaigeach,noun
iar-chunntasair,noun
iar-dheas,noun
iar-ghnìomhachas,noun
iar-leasachan,noun
iar-thuath,noun
iarainn,noun
iarannach,noun
iargalta,noun
iarrainn,noun
iarrtas,noun
iasad,noun
iasg,noun
ifrinn,noun
impis,noun
impreiseanachd,noun
impreiseanair,noun
imrich,noun
imriche,noun
in-ghabhaltas,noun
inbheach,noun
inbheartach,noun
inbhir,noun
inchrioptadh,noun
inchrioptaich,noun
inchrioptaichte,noun
indeacs,noun
inghearach,noun
inneal,noun
inneal-atharrachaidh,noun
inneal-ìomhaigheachd,noun
innis-mhuir,noun
innleadaireachd,noun
inntinneach,noun
intèarnach,noun
intèarnas,noun
iolaire,noun
iolra,noun
iom-dhiadhachd,noun
iom-obrachadh,noun
iom-obrachail,noun
iom-oibreachd,noun
iom-oibriche,noun
ioma-charbogsalat,noun
ioma-chuspaireil,noun
ioma-mheadhanach,noun
ioma-shlighe,noun
iomad,noun
iomadach,noun
iomadachadh,noun
iomadachd,noun
iomadair,noun
iomairt,noun
iomall,noun
iomallach,noun
iomarra,noun
iomchaidh,noun
iomlaid,noun
iomlan,noun
iomlanachd,noun
iomradh,noun
iomsgaradh,noun
ionad,noun
ionad-aiseig,noun
ionad-cumhachd,noun
ionad-luathrachaidh,noun
ionad-slàinte,noun
ionadachadh,noun
ionadail,noun
ionann-cheàrnach,noun
ionann-thaobhach,noun
iongantach,noun
ionmhalta,noun
ionmhas,noun
ionmhasair,noun
ionndrainn,noun
ionnsachadh-d,noun
ionnsramaid,noun
ionnsramaideach,noun
iris,noun
isean,noun
iso-ruitheamach,noun
isomeatrach,noun
itealag,noun
itealan,noun
itheadair-sheangan,noun
iuchair,noun
iutharna,noun
iòga,noun
iùl-lann,noun
labhairt,noun
lactose,noun
lagh,noun
laigse,noun
lannsair,noun
lannsaireachd,noun
laoch,noun
laoidh,noun
lapach,noun
lasadh,noun
lasair,noun
latha-grèine,noun
latha-reultach,noun
lathair,noun
leabhar -d,noun
leabhar-cheist,noun
leabhar-làimhe,noun
leabhran,noun
leac,noun
leag,noun
leanabh,noun
leannan,noun
leantainneach,noun
leas-abhainn,noun
leas-ghnìomhachas,noun
leas-phrionnsapal,noun
leas-phrosbaig,noun
leasachadh,noun
leasan,noun
leatas,noun
leathad,noun
leathann,noun
leigheas-chnàmh,noun
leisg,noun
leisgeul,noun
leithid,noun
leth,noun
leth-bhreacadair,noun
leth-bhreith,noun
leth-char,noun
leth-cheathramh,noun
leth-chruinne,noun
leth-chruinne a deas,noun
leth-chruinne a tuath,noun
leth-dhùnadh,noun
leth-eilean,noun
leth-liotair,noun
leth-mheatair,noun
lethbhreac,noun
letheadair,noun
lethich,noun
leud,noun
leud-banna,noun
leudachadh,noun
leudaich,noun
leughadair,noun
leughadair-d,noun
leum,noun
leum thairis,noun
leòn,noun
leòsan,noun
libearalachd,noun
liberalachd,noun
lide,noun
linn,noun
liogamaint,noun
liomf,noun
lionn,noun
liosta-miann,noun
liotair,noun
liotograf,noun
liotografaidh,noun
liotografaig,noun
lirig,noun
lirigeach,noun
litearrachd,noun
litir,noun
litireil,noun
litreachadh,noun
litreachais,noun
loch-tasgaidh,noun
loga,noun
loidhne-clèithe,noun
loidhne-dàtaim,noun
loidhne-gearraidh,noun
loidhne-grunnd,noun
loidhne-meadhain,noun
loidhne-muigh,noun
loidhne-stiùiridh,noun
loidhne-togail,noun
loidhne-tìme,noun
loidhne-àirde,noun
loidhneach,noun
loidsig,noun
loisg,noun
lom,noun
lorg,noun
lorg agus glan,noun
lorg carboin,noun
losgadh-bràghad,noun
luach,noun
luachadh,noun
luachmhor,noun
luaisgeanach,noun
luathrachadh,noun
luathraich,noun
luaths,noun
luch,noun
luchd-aithne,noun
luchd-amhairc,noun
luchd-ceannaich,noun
luchd-ionnsachaidh,noun
luchd-leantainn,noun
luchd-obrach,noun
luchd-sgrùdaidh,noun
luchd-èisteachd,noun
luchdachadh suas,noun
luchdaich a-nuas,noun
luibh-eòlas,noun
lus,noun
làidir,noun
làimhseachadh,noun
làmh-an-uachdair,noun
làmh-choille,noun
làmh-sgrìobhadh,noun
làmh-sgrìobhainn,noun
làr,noun
làrach-lìn,noun
lèana-bòbhladh,noun
lèanag,noun
lèine,noun
lèirmheas,noun
lèirsinn,noun
lìbhrig,noun
lìon,noun
lìon na cruinne,noun
lìonra,noun
lìonra sòisealta,noun
lòn,noun
lùbadh,noun
lùbte,noun
lùghdachadh,noun
lùghdaich ìre,noun
lùth,noun
lùth-chleasach,noun
lùth-chleasachd,noun
lùth-chleasaiche,noun
ma dh’fhaoidte,noun
mac,noun
mac-meanmna,noun
mach-chur,noun
mach-ghluais,noun
macmeanmhail,noun
madadh-allaidh,noun
magadh,noun
magnaiteach,noun
magnaiteachd,noun
maicreasgop,noun
maicreobach,noun
maids,noun
mailèiria,noun
maireannach,noun
maise-gnùis,noun
maiseachadh,noun
maiseachadh-làimhe,noun
mala,noun
malairt,noun
malairt chothromach,noun
malairteach,noun
mallachd,noun
maoineachadh,noun
maorach,noun
maoth-chnàimh,noun
maothaichte,noun
map-ìomhaigh,noun
mapadh,noun
marcachd,noun
margaidheachd,noun
matamataig,noun
matamataigeach,noun
mathan,noun
mathanas,noun
mathanasach,noun
meadhan,noun
meadhan-aoisean,noun
meadhan-bheàrnach,noun
meadhan-latha,noun
meadhan-oidhche,noun
meadhanach,noun
meadhanan,noun
meadhanta,noun
meallta,noun
meamran,noun
mean air mhean,noun
mean-fhàs,noun
mean-thomhais,noun
meanbh-fhrìde,noun
mearachadh,noun
mearachd,noun
measadh,noun
measgaichte,noun
meatafiosaigs,noun
meatafor,noun
meatailt,noun
meatailteach,noun
meatailteachd,noun
meatair,noun
meataloighd,noun
meatodach,noun
meatrach,noun
meatranòm,noun
meatso-thuar,noun
meatso-thuaradh,noun
meidigeach,noun
melo-dràma,noun
menu-seallaidh,noun
meud,noun
meudachadh,noun
meudaich,noun
meudaichear,noun
meur,noun
meur-chlàr,noun
meur-creideimh,noun
meurachadh,noun
meòrachadh,noun
meòraich,noun
mi-ghnàthach,noun
miann,noun
mias,noun
micro-bith-eòlas,noun
micro-fhàs-bheairt,noun
micro-thonn,noun
milemeatair,noun
mililotair,noun
millean,noun
mion-dealbh,noun
mion-fhiosrachadh,noun
mion-lorg,noun
mionaid,noun
mionaideach,noun
mionaideachd,noun
mionamalachd,noun
miotas-eòlas,noun
miotasach,noun
misean,noun
misneachail,noun
misneachd,noun
mith-chainnt,noun
mnà,noun
modail,noun
modaràtor,noun
modh,noun
modh-obrach,noun
modhail,noun
modhan,noun
moileciuil,noun
moileciuileach,noun
moladh,noun
molasc,noun
monadh,noun
monitor,noun
moralta,noun
mosgìoto,noun
mothachadh,noun
mothachail,noun
msaa,noun
muc-mhara,noun
mufain,noun
muile-mhàgag,noun
muileann,noun
muileann-gaoithe,noun
muinichill,noun
muir,noun
muir-thìreach,noun
muir-tiachd,noun
mullach,noun
mumaidh,noun
muslamach,noun
màileachan elfsaoradh,noun
màilleach,noun
màl,noun
màl-cheannachd,noun
mèinn,noun
mèinnearachd,noun
mèinnir-eòlaiche,noun
mèinnir-eòlas,noun
mì-chinnt,noun
mì-chinnteach,noun
mì-chofhurtail,noun
mì-fheum,noun
mì-fhoighidneach,noun
mì-fhreagarrach,noun
mì-ghnàthas,noun
mì-mhodhail,noun
mì-mhoralta,noun
mì-nàdarra,noun
mì-thoilichte,noun
mìle,noun
mìleamh,noun
mìneachadh,noun
mìnich,noun
mìorbhaileach,noun
mìorceit,noun
mìos,noun
mìosachan,noun
mòd,noun
mòdach,noun
mòdam,noun
mòinteach,noun
mòr,noun
mòr-chaochladh,noun
mòr-ghalar,noun
mòr-rathad,noun
mòr-roinn,noun
mòr-thìr,noun
mòr-thìreach,noun
mùthadh,noun
naa-cnàmhadh,noun
naidheachd,noun
naisgear,noun
naoidheamh,noun
naomh,noun
neach-aithne,noun
neach-aithris,noun
neach-anailis,noun
neach-cleachdaidh,noun
neach-cleachdaidh deireannach,noun
neach-comhairle,noun
neach-cuir,noun
neach-eagrachaidh,noun
neach-faighinn,noun
neach-fastaidh,noun
neach-fàilteachaidh,noun
neach-glèidhteachais,noun
neach-ionnsachaidh,noun
neach-leasachaidh,noun
neach-reic,noun
neach-taic,noun
neach-taice,noun
neach-teagaisg,noun
neach-tionnsgain,noun
neach-togail-dhealbhan,noun
nearbh,noun
neart,noun
neartachadh,noun
neo-ainneart,noun
neo-aisigeach,noun
neo-ath-nuadhachail,noun
neo-bhitheach,noun
neo-bhrìgheil,noun
neo-cheangailte,noun
neo-chinnteachas,noun
neo-choltach,noun
neo-chothromach,noun
neo-chrìochnach,noun
neo-chuidead,noun
neo-chòmhragach,noun
neo-dhruim-altachan,noun
neo-dhìreach,noun
neo-fhaicsinneach,noun
neo-fhoirmeil,noun
neo-fhàs-bheairteach,noun
neo-iarannach,noun
neo-ionann,noun
neo-leantainneach,noun
neo-mheatailt,noun
neo-mhothachadh,noun
neo-phearsanta,noun
neo-raiseanail,noun
neo-riaghailteach,noun
neo-shuidhichte,noun
neo-shàthaichte,noun
neo-shìolach,noun
neo-speisealta,noun
neo-thalmhaidh,noun
neo-àbhaisteach,noun
neochiontach,noun
neoni,noun
neutron,noun
neònach,noun
niceal,noun
niuclas,noun
niuclasach,noun
nobhail,noun
nochd,noun
nochdan,noun
nota-maise,noun
notaireachd,noun
nuadh-chlasaigeach,noun
nuadh-chànain,noun
nuadh-eòlas,noun
nuadh-innleachd,noun
nuadhachadh,noun
nuadhaich,noun
nàbaidh,noun
nàdar,noun
nàdarra,noun
nàiseanta,noun
nèamh,noun
nì,noun
nò,noun
nòisean,noun
obair-dachaigh,noun
obair-dèanaimh,noun
obair-mheatailt,noun
obair-naidheachd,noun
obair-togail,noun
obrachadh,noun
ochd-chasach,noun
ochd-cheàrnach,noun
ochd-fillte,noun
ochdamh,noun
odhar,noun
ogha,noun
ogsaid,noun
ogsaidean,noun
ogsaideanachadh,noun
ogsaideanaichte,noun
ogsaideant,noun
ogsaidichte,noun
oide,noun
oideachadh,noun
oidhche,noun
oidhirp,noun
oifigear,noun
oifis,noun
oillt,noun
oilthigh,noun
oir,noun
oirthir,noun
oisean,noun
olc,noun
ollamh,noun
onarach,noun
onteòlas,noun
oraigs,noun
orains,noun
orainsear,noun
orcastra,noun
organach,noun
ortaipeadaig,noun
os-cearclach,noun
os-nàdarrachd,noun
os-sgan,noun
osnaich,noun
paca,noun
paidhir,noun
paidirean,noun
paleo-ainmh-eòlas,noun
paleo-luibh-eòlas,noun
paleo-onteòlas,noun
palindromaig,noun
pan-phìob,noun
pannal riaghlaidh,noun
para-saidhceòlach,noun
paragraf,noun
parailealogram,noun
paraiste,noun
partaidh,noun
pasgan,noun
pastail,noun
pathadh,noun
peacadh,noun
peanas,noun
peann,noun
peansail,noun
peant,noun
pearsa,noun
pearsanachadh,noun
pearsanta,noun
pearsantachd,noun
peisteal,noun
petreòlas,noun
peutant,noun
pictearail,noun
piocadh,noun
pioramaid,noun
pitse,noun
piàna,noun
plana-làir,noun
plana-làraich,noun
planaid,noun
planctan,noun
planntachadh,noun
planntachas,noun
plastaig,noun
plastaigheachd,noun
platinum,noun
platonach,noun
plàigh,noun
poblach,noun
poblachd,noun
poileagan,noun
poileas,noun
poileasaidh,noun
poili-neo-shàthaichte,noun
poilifonaidh,noun
poilifonaig,noun
poilitigeach,noun
poilitònalachd,noun
pongail,noun
port-adhair,noun
port-cruinn,noun
post-dealain,noun
practaigeach,noun
preas,noun
prionnsabal,noun
priont,noun
priontadh,noun
priosam,noun
pro-bhitheach,noun
profaidhl,noun
program,noun
proifeasanta,noun
pronnadh,noun
prosbaig,noun
prothaid,noun
protractair,noun
prìobhaideach,noun
prìobhaideachd,noun
prìomh,noun
prìomh-mhinistear,noun
prìomhachas,noun
prìomhaire,noun
prìosanach,noun
prò-bheus,noun
prògramataig,noun
pròiseact,noun
pròiseas,noun
pròiseil,noun
pròstanach,noun
pròtacal,noun
pròtacal iomlaid haidhpirteacsa,noun
pròtain,noun
puing,noun
puing-clèithe,noun
puing-deiridh,noun
puing-mapa,noun
puing-tionndaidh,noun
puing-trasnaidh,noun
puing-tòiseachaidh,noun
puingeachadh,noun
puinsean,noun
purgadair,noun
purpaidh,noun
putan,noun
putan òrdugh,noun
putan-bruthaidh,noun
putan-menu,noun
pàigheadh,noun
pàipear-clèithe,noun
pàipear-naidheachd,noun
pàis-dhràma,noun
pàiste,noun
pàn,noun
pàrlamaid,noun
pàrras,noun
pàtran,noun
pìos-ciùil,noun
pònair,noun
pòsta,noun
rabhadh,noun
racaid,noun
rach,noun
raidhfil,noun
raiseanadh,noun
raiseanail,noun
rannsachadh,noun
raon,noun
rapsodaidh,noun
reachd,noun
reachdail,noun
reasabaidh,noun
reat-iomaid,noun
reatoraig,noun
reothadh,noun
reul,noun
reul-bhad,noun
reul-chuairt,noun
reul-eòlaiche,noun
reul-eòlas,noun
reul-iùil,noun
reusanta,noun
reòthte,noun
riadh,noun
riaghailt,noun
riaghailteach,noun
riaghaltas,noun
riaghladh,noun
rian,noun
rianachail,noun
rianachd,noun
rianaire,noun
riochdair,noun
riochdaire,noun
rionnag,noun
ro-cheòl,noun
ro-chlasaigeach,noun
ro-dhreag,noun
ro-eachdraidheil,noun
ro-innis,noun
ro-innleachd,noun
ro-innse,noun
ro-leasachan,noun
ro-sgoil,noun
ro-shealladh,noun
ro-thùs-ghinean,noun
rogha,noun
roghainn,noun
roghainneachd,noun
roghainneil,noun
roimhe,noun
roimhear,noun
roinn,noun
roinn Eòrpa,noun
roinneadair,noun
roinneadh,noun
roinniche,noun
roinnidheachd,noun
rombas,noun
roth-tomhais,noun
ruadh-dhonn,noun
rubha,noun
rudhadh,noun
ruidhle,noun
ruigheachd,noun
ruigsinneachd,noun
ruith,noun
ruith-fala,noun
ruitheam,noun
ràdh,noun
ràith,noun
rànaich,noun
rèidh,noun
rèidh-phleit,noun
rèididheachd,noun
rèididheatar,noun
rèidio,noun
rèis,noun
rèiteachadh,noun
rèitich,noun
ròdium,noun
ròiseid,noun
rùilear,noun
rùm,noun
rùn,noun
rùnaire,noun
sa bhad,noun
saideal,noun
saidheanaid,noun
saidheans,noun
saidhleafon,noun
saidhteoplasm,noun
saighdear,noun
saighead,noun
sail,noun
sailleach,noun
salann,noun
sall,noun
samhla,noun
samhlachas,noun
samhlaiche,noun
sanas,noun
saobh-chreideas,noun
saobh-chràbhach,noun
saoghal,noun
saor-chluich,noun
saor-chluiche,noun
saor-làithean,noun
saor-ùine,noun
saoranach,noun
saorsainneachd,noun
seachd-cheàrnach,noun
seachdain,noun
seachnadh,noun
seachran,noun
seact,noun
sealg,noun
sealgair-tionail,noun
seall,noun
sealladh,noun
sealladh-àirde,noun
seanadair,noun
seangan,noun
seann,noun
seansar,noun
seantans,noun
searamaig,noun
searbh,noun
searbhag,noun
searbhagach,noun
searmon,noun
searmonaich,noun
searmonaiche,noun
seasmhach,noun
seat-sgueathar,noun
seata,noun
seatadh,noun
seatadh rianachd,noun
seirbheis,noun
seis-eòlas,noun
semibrìbh,noun
semicuèbhear,noun
semitòn,noun
serigrafaidh,noun
seula-eòlas,noun
seòid,noun
seòladair,noun
seòladh,noun
seòladh-tillidh,noun
seòlaid,noun
seòlaidh,noun
seòlta,noun
seòmar,noun
seòrsa,noun
seòrsaiche,noun
sgadan,noun
sgairt,noun
sgamhan,noun
sganair,noun
sgaoileadh,noun
sgaoilteachd,noun
sgaradh,noun
sgaradh-pòsaidh,noun
sgeadachadh,noun
sgeallag,noun
sgeama,noun
sgeidse,noun
sgeidseadh,noun
sgeilp-deighe,noun
sgeith-rionnaig,noun
sgeulaiche,noun
sgian,noun
sgil,noun
sgileil,noun
sgillinn,noun
sgioba,noun
sgiobalta,noun
sglongaid,noun
sglàib,noun
sglàibeadair,noun
sgoil-àraich,noun
sgoilear,noun
sgrion,noun
sgriubha,noun
sgriubhaire,noun
sgrìn,noun
sgrìobach,noun
sgrìobhadh,noun
sgrìobhainn,noun
sgrùd,noun
sgrùdadh,noun
sgudail,noun
sgudal-d,noun
sgudalair-d,noun
sguir,noun
sgàrlaid,noun
sgàthan,noun
sgèile,noun
sgìre,noun
sgìre-uisge,noun
sgòr,noun
sgòr-orcastra,noun
sgòth,noun
sia-cheàrnach,noun
sileacon,noun
sinc,noun
singilte,noun
sinteataig,noun
siocamor,noun
siog,noun
siogachd,noun
siolandair,noun
siomfonaidh,noun
siorcònium,noun
siorrachd,noun
siostam,noun
siota,noun
siubhlach,noun
slabhraidh,noun
slaighd,noun
slat,noun
slat-tomhais,noun
sleamhainn,noun
slige,noun
slighe,noun
slighe-trafaig,noun
slighe-uisge,noun
sligheadaireachd,noun
sloinneadh,noun
sloinntearachd,noun
sluagh,noun
slugan,noun
slàinte,noun
slàinteil,noun
slàn,noun
smachd,noun
smaoinich,noun
smeur,noun
smeòrach,noun
smuain,noun
snaigheadaireachd,noun
snaigheadh,noun
snaighte,noun
snàithlean,noun
snìomhan,noun
so-luchdaichte,noun
so-roinnte,noun
so-sgaoilte,noun
soar,noun
socaid,noun
socair,noun
sochair,noun
soidhne,noun
soidhne @,noun
soilleir,noun
soilleireachadh,noun
soillseachadh,noun
soirbh,noun
soirbheachail,noun
soirbheas,noun
soiseòlas,noun
soisgeul,noun
soisgeulach,noun
soitheach,noun
solar,noun
solaraiche,noun
solaraiche ruigheachd eadar-lìn,noun
solas,noun
sona,noun
speactram,noun
speisealta,noun
spioradail,noun
sprèidheadh,noun
spàin,noun
spèileabord,noun
spèileadh,noun
spèis,noun
spòrs,noun
spòrsail,noun
spùinneadair-mara,noun
srath,noun
sreath,noun
sruth-chruthachd,noun
sruthail,noun
stad-chloc,noun
stad-uaireadair,noun
staid,noun
staidhre,noun
staitistig,noun
stalc,noun
stamag,noun
staoin,noun
steach-chur,noun
steach-ghluais,noun
steigeach,noun
stiogma,noun
stiùireadh,noun
stiùiriche-ciùil,noun
stocadh,noun
stoidhle,noun
stoirm,noun
stoirm-ghainmhich,noun
stratospeur,noun
structar,noun
stràc,noun
strì,noun
strìoch,noun
stuth-gealachaidh,noun
stuth-sgaoilidh,noun
stuth-spreadhaidh,noun
stuth-sùighteach,noun
stàilinn,noun
stàit,noun
stèidh,noun
stèisean,noun
stòr-dàta,noun
suaicheantas,noun
suath,noun
suidheachadh,noun
suidhichte,noun
suirghe,noun
sulfar,noun
sunnd,noun
sunndach,noun
susbaint,noun
sàbhail,noun
sàbhailteachd,noun
sàcramaid,noun
sàmhchair,noun
sàr-bhiadh,noun
sàr-mhath,noun
sàr-mhathas,noun
sàsaichte,noun
sàthachd,noun
sàthaichte,noun
sèimh,noun
sèine,noun
sèist,noun
sìde,noun
sìde-eòlas,noun
sìmplidh,noun
sìmplidheachd,noun
sìn,noun
sìochantas,noun
sìol,noun
sìol-peasrach,noun
sìor-ghorm,noun
sìth,noun
sòisealachd,noun
sòisealta,noun
sòlas,noun
sònraich,noun
sònraichte,noun
sòrnan-dealain,noun
sùigh,noun
sùil,noun
sùim,noun
t-sgueathar,noun
tabhann,noun
tabhartach,noun
tabhartas,noun
tachartas,noun
taga,noun
tagh,noun
taghadh,noun
taghta,noun
tagradh,noun
tagraiche,noun
taibhs,noun
taic-ionnsachaidh,noun
taice,noun
taigh-solais,noun
taigh-tasgaidh,noun
taigheadas,noun
taisbean,noun
taisbeanadh,noun
taisbeanadh-slaighd,noun
taisbeanair,noun
taisg,noun
taitneach,noun
talamh,noun
tansaint,noun
taobhach,noun
taobhadh,noun
taoitear,noun
tar-churraicealam,noun
tar-dhealbh,noun
tar-ghearradh,noun
tar-iomadachadh,noun
tar-iomadaich,noun
tar-laigh,noun
tar-sgàile,noun
tar-shìneadh,noun
tarchaiseach,noun
tarraing,noun
tarraingeach,noun
tasgadh,noun
tasglann,noun
tatù,noun
teachdail,noun
teacsa,noun
teagamh,noun
teagasg,noun
teagasgail,noun
teagmhach,noun
teamplaid,noun
teanamaint,noun
teanas,noun
teann,noun
teannachd,noun
tearc,noun
tearmach,noun
teas,noun
teas-dhìon,noun
teas-mheidh,noun
teasniuclasach,noun
teich,noun
teicneòlaiche,noun
teicneòlas,noun
teicnigeachd,noun
teist,noun
teisteanas,noun
tele-chonaltradh,noun
tele-eòlasach,noun
teoram,noun
teth,noun
teàrnach,noun
teàrnadh,noun
teòiridh,noun
teòthachd,noun
thoir-air-falbh,noun
tiamhaidh,noun
tidsear,noun
tighead,noun
till,noun
tinneas,noun
tiomnadh,noun
tionndadh,noun
tionndaidh,noun
tionnsgal,noun
tiorm,noun
tiotal,noun
tiugh,noun
tiùb-deuchainn,noun
tiùna,noun
tlachd,noun
tlachdmhor,noun
togalach,noun
toilichte,noun
toinnte,noun
toirmisgte,noun
toll-dubh,noun
toll-èadhair,noun
tomad,noun
tomhais,noun
tomhas,noun
tomhas-lìonaidh,noun
tonn,noun
tonn-fhad,noun
topeòlas,noun
toradh,noun
torman,noun
torrachadh,noun
traidiseantalachd,noun
trang,noun
trannsa,noun
trapesium,noun
trasnadh,noun
trast-thomhas,noun
trastan,noun
treòir,noun
treòir-nota,noun
treòrachadh,noun
tric,noun
tricead,noun
trioblaid,noun
troigh,noun
troimhe-chèile,noun
trom,noun
trom-laidhe,noun
tropaig,noun
tropaigeach,noun
truas,noun
tràille,noun
tràillealachd,noun
tràth,noun
tràth-oideachaidh,noun
tràth-thaic,noun
tràth-ìrean,noun
trèanadh,noun
trèig,noun
trèoraiche,noun
trì-sheallach,noun
trì-theirmeach,noun
trìd-dheàlrach,noun
trìd-dhoilleir,noun
trìd-shoilleireachd,noun
trìtheamh,noun
tuaireamach,noun
tuairisgeul,noun
tuairmse,noun
tuairmseach,noun
tuar,noun
tuarastal,noun
tuath,noun
tuathal,noun
tuathanachas,noun
tubaist,noun
tuigse,noun
tuigseach,noun
tuilleadh,noun
tuirc-ghorm,noun
tuireadh,noun
tuiseal,noun
tuna,noun
turasachd,noun
turchairt,noun
turtar,noun
tàileasg,noun
tàirneanach,noun
tàlant,noun
tàmailteach,noun
tàr-ionnsachaidh,noun
tèarainte,noun
tìm-òrdugh,noun
tìodhlacadh,noun
tìr,noun
tìreachas,noun
tòimhseachan,noun
tòimhseachan-tarsainn,noun
tòiseachadh,noun
tòna,noun
tòrradh,noun
tùr,noun
tùs,noun
tùs-ghinean,noun
tùs-sheòrsa,noun
tùsach,noun
tùsanach,noun
uabhasach,noun
uachdranas,noun
uaigh,noun
uaim,noun
uair,noun
ualabaidh,noun
uallach,noun
uamh,noun
uasal,noun
uat,noun
ugh-chruth,noun
ughachadh,noun
ughlann,noun
uidheam,noun
uidheamachd,noun
uile-chumhachd,noun
uile-dheatachadh,noun
uile-dheataich,noun
uile-fhiosrach,noun
uile-itheadair,noun
uile-làthaireachd,noun
uirsgeul,noun
uisge,noun
uisge-thuar,noun
uisge-thuaradh,noun
ullachadh,noun
ullaichte,noun
ultra-bhìolait,noun
umha,noun
unnsa,noun
urram,noun
utilitarianachd,noun
Ìosa,noun
Ùghdarras Theisteanasna h-Alba,noun
à,other
à bith,other
àbhachdas,noun
àbhaisteach,adjective
àichear,noun
àicheil,adjective
àile,noun
àilleachd,noun
àirde,noun
àireamhach,adjective
àireamhachadh,noun
àireamhachd,noun
àireamhaiche,noun
àireamhair,noun
àirneis,noun
àit-obrach,noun
àiteachas,noun
àithneach,adjective
àlainn,adjective
àm,noun
àm ri teachd,noun
àrachas,noun
àraid,adjective
àrainn,noun
àrainneachd,noun
àrd,adjective
àrd-chlàr,noun
àrd-chunntasair,noun
àrd-neach-anailis,noun
àrd-ollamh,noun
àrd-sgilean,noun
àrd-thalamh,noun
àrd-ùrlar,noun
àrdachadh,noun
àrdail,adjective
àrsaidh,adjective
às-dèidh,other
èadhar-dhìonach,noun
èadhraig,noun
èarobaig,noun
èarofoidhl,noun
èasgaidh,noun
èibhinn,noun
èideadh,noun
èideadh-sgoile,noun
èifeachdach,noun
èisteachd,noun
ìmpidheachd,noun
ìomhaigh,noun
ìomhaigheachd,noun
ìomhaigheachd dhidsiteach,noun
ìoranach,noun
ìoranas,noun
ìosal,noun
ìre,noun
ìseal,noun
òg,noun
òinseach,noun
òirleach,noun
òr,noun
òr-bhuidhe,noun
òraid,noun
òraidiche,noun
òran,noun
òrdaich,noun
òrdail,noun
òrdugh,noun
òson,noun
òstair,noun
ùghdar,noun
ùghdarras,noun
ùidh,noun
ùine,noun
ùir,noun
ùpraid,noun
ùr,noun
ùrachadh,noun
ùraich,noun
ùraichte,noun
ùrnaigh,noun