Beurla,noun
Budach,noun
Budachd,noun
Caimbeulach,noun
Cànan Mharcaidh Haidhpirteacsa,noun
Canèidianach,noun
Crìosd,noun
Crìosdaidheachd,noun
Crìosdail,adjective
Diciadain,noun
Doilean,noun
Dùn,noun
Eipheit,noun
Eòrpach,noun
Fraingis,noun
Gàidheal,noun
Gàidhlig,noun
Gall,noun
Gearmailtis,noun
Giblean,noun
Hindeach,noun
Ìosa,noun
Iùdhachd,noun
Lochlannach,noun
Nuadh,adjective
Roinn,noun
Rosach,noun
Sasannach,noun
Sgitheanach,adjective
Sìonach,noun
Sìophortach,noun
Spàinn,noun
Spainntis,noun
Ùghdarras Theisteanasna h-Alba,noun
à bith,other
a dh’aindeoin,other
a dh’aithghearr,other
a,adjective
à,other
a,preposition
à,preposition
a-bhòn-dè,adverb
a-bhos,adverb
a-mach,adverb
a-màireach,adverb
a-màireach,other
a-mhàin,adverb
a-muigh,adverb
a-muigh,other
a-nall,adverb
a-nis,adverb
a-nochd,adverb
a-nuas,adverb
a-raoir,adverb
a-rèir,other
a-riamh,adverb
a-rithist,adverb
a-rithist,other
a-staigh,adverb
a-steach,adverb
aba,noun
abachadh,noun
abaich,verb
abair,verb
abairt,noun
abairt-faire,noun
àbhachdach,adjective
àbhachdas,noun
abhainn,noun
àbhaist,noun
àbhaisteach,adjective
abhsadh,noun
ablach,noun
acadaimigeach,adjective
acfhainn,noun
achadh,noun
achadh-buana,noun
acras,noun
acriolach,adjective
acriolaig,noun
actair,noun
actanach,noun
acustaig,noun
adacs,noun
adag,noun
adaptair,noun
adhair-bheàrn,noun
adhar,noun
adharail,adjective
adharc,noun
adhart,noun
adhartach,adjective
adhartas,noun
adhbhar,noun
adhbharachadh,noun
adhbrann,noun
adhlacadh,noun
adhlaic,verb
adhrachail,adjective
adhradh,noun
adhradh,verb
adiabataig,noun
agallamh,noun
aghaidh,noun
agus,verb
aibidil,noun
aibidileach,adjective
àicheanach,adjective
àichear,noun
àicheil,adjective
aicinn,noun
aideachadh,noun
aidich,verb
aidmheil,noun
aidmheinteach,noun
aig tàmh,other
aig,preposition
ailbheòlar,noun
àile,noun
ailealomorf,noun
aileirdsidh,noun
àilleachd,noun
aillse,noun
ailseabra,noun
ailtire,noun
ailtireach,adjective
ailtireachail,adjective
ailtireachd,noun
aimhleas,noun
aimhleasach,adjective
aimlisg,noun
aimsir,noun
ain-dligheach,adjective
aindeoin,noun
aineolach,adjective
aingidh,adjective
aingidheachd,noun
ainm taisbeanaichte,noun
ainm,noun
ainm-faidhle,noun
ainm-loga,noun
ainm-pinn,noun
ainm-sgrìobhte,noun
ainmear,noun
ainmeil,adjective
ainmh-eòlas,noun
ainmhidh,noun
ainmich,verb
ainmneach,adjective
ainneamh,adjective
ainneart,noun
air ais (ann) an tiota,other
air ais,other
air leth,other
air,preposition
air-loidhne,other
àirde,noun
aire,noun
àireamh,noun
àireamhach,adjective
àireamhachadh,noun
àireamhachd,noun
àireamhaiche,noun
àireamhair,noun
airgead,noun
airgead-beò,noun
airidh air,adjective
àirigh,noun
àirneis,noun
airson,preposition
ais,noun
ais-phàigheadh,noun
aiseag,noun
aisigeach,adjective
aisling,noun
aiste,noun
aistear,noun
àit-obrach,noun
àite,noun
àiteach,noun
àiteachas,noun
aitheamh,noun
aithghearr,adjective
aithghearr,noun
aithisg,noun
aithne,noun
àithne,noun
aithne-eòlas,noun
àithneach,adjective
aithneachadh,noun
aithnich,verb
aithreachail,adjective
aithreachas,noun
aithris,noun
àlainn,adjective
alcaileach,adjective
alcalaidh,noun
alcol,noun
allt,noun
aloidh,noun
alt,noun
am measg,other
àm ri teachd,noun
àm,noun
am-meidheadair,noun
amadan,noun
amaideach,adjective
amaideas,noun
amalaichte,adjective
amar,noun
amas,noun
ambaileans,noun
amhach,noun
amharas,noun
amharasach,adjective
amharc,noun
àmhghar,noun
amniotaig,other
an aghaidh,other
an sàs ann,other
an urra ri,other
an,adjective
an,preposition
an-aidheonach,adjective
an-àirde,adverb
an-asgaidh,adverb
an-asgaidh,other
an-còmhnaidh,other
an-dè,adverb
an-dè,other
an-diugh,adverb
an-dràsta,adverb
an-dràsta,other
an-èarobaig,adjective
an-fhoiseal,adjective
an-gnìomh,other
an-iochdmhor,adjective
ana,preposition
anabarrach,adjective
anabharr,adjective
anail,noun
anailis,noun
anailiseach,adjective
anainn,noun
analachadh,noun
analog,adjective
anam,noun
anama,noun
anart,noun
anmoch,adjective
annasach,adjective
antamonaidh,noun
anti-biotaig,noun
anti-ogsaideant,noun
anti-seaptaig,noun
antropaig,adjective
aodach,noun
aodach-fighte,noun
aodann,noun
aoghaireil,adjective
aognaidh,adjective
aoibhneach,adjective
aoibhneas,noun
aoigh,noun
aoigheachd,noun
aoir,noun
aoireadh,noun
aois,noun
aon-ghuthach,adjective
aonad,noun
aonadh,noun
aonaichte,adjective
aonar,noun
aonaranach,adjective
aonranach,adjective
aonranas,noun
aontaich,verb
aosta,adjective
aotram,adjective
aotrom,adjective
ar-a-mach,noun
àrach,noun
àrachas,noun
àraich,verb
àraid,adjective
àraidh,adjective
àrainn,noun
àrainneachd,noun
arbhar,noun
àrd,adjective
àrd-chlàr,noun
àrd-chunntasair,noun
àrd-neach-anailis,noun
àrd-ollamh,noun
àrd-sgilean,noun
àrd-thalamh,noun
àrd-ùrlar,noun
àrdachadh,noun
àrdail,adjective
argamaid,noun
aritmeataig,noun
arm,noun
armachd,noun
armailt,noun
armlann,noun
arsa,verb
àrsaidh,adjective
arsnaig,noun
artaigil,noun
as leth,other
às-dèidh,other
asgaidh,noun
asna,noun
astar,noun
at,noun
ath,adjective
ath-aithris,verb
ath-bhreith,noun
ath-chluiche,noun
ath-cholainneadh,noun
ath-chuartachadh,noun
ath-dhealbh,noun
ath-dhèan,verb
ath-dhèanamh,noun
ath-innse,noun
ath-leasaichte,adjective
ath-nuadhachadh,noun
ath-nuadhachail,adjective
ath-obair,noun
ath-rèitich,verb
ath-riochdachadh,noun
ath-sgrìobh,verb
ath-sgrùdadh,noun
ath-thòisich,verb
athair,noun
atharrachadh gnàth-shìde,noun
atharrachadh,noun
atharraich,verb
atharraichear,noun
atharrais,noun
a’ Bhìoball,noun
a’ mhòr-shluaigh,noun
bacadh,noun
bacadh-dealain,noun
bacadh-èadhair,noun
bad,noun
badmantan,noun
bagairt,noun
bàgh,noun
bàidheil,adjective
baidhsagail,noun
bàigheil,adjective
baile,noun
baile-mòr,noun
bailead,noun
baileil,adjective
bailiùn,noun
bàillidh,noun
bailteil,adjective
bainne,noun
bainne-milis,noun
bàir,noun
baisteach,noun
balach,noun
balaist,noun
balbh,adjective
balg,noun
balg-sèididh,noun
ball,noun
ball-basgaid,noun
ball-pàrlamaid,noun
ball-sneachda,noun
balla,noun
bàn,adjective
bàn,noun
bàn-dhearg,adjective
ban-dia,noun
bana-bhuidseach,noun
banachdach,noun
banais,noun
banaltram,noun
banas-taighe,noun
banca,noun
bann,noun
bann-leathann,noun
bannas,noun
banntrach,noun
baoth,adjective
bàr ceangail,noun
bàr seòlaidh,noun
bàr,noun
bàr-beàirn,noun
bàr-inneal,noun
bàr-loidhne,noun
bàr-mearachd,noun
bàr-menu,noun
bàr-seòlaidh,noun
bara,noun
barail,noun
barantas,noun
baratòn,noun
bàrd,noun
bàrdachd,noun
baroc,noun
bàrr,noun
bàrr-deasga,noun
bàrr-suime,noun
barrachd,noun
bàs,noun
basaich,verb
bàsaich,verb
basgaid,noun
basùn,noun
bata,noun
bàta,noun
batal,noun
batan,noun
bàth,verb
bàthach,noun
bàthadh,noun
bathar,noun
beachd,noun
beachd-bharail,noun
beachdaich,verb
beadraich,verb
beag air bheag,other
beag,adjective
beag,noun
beag-fhaclair,noun
beagan,noun
beairt,noun
beairteach,adjective
bealach,noun
bean,noun
bean,preposition
beann,noun
beannachd,noun
beannaich,verb
beàrn,noun
beàrn-air-ais,noun
beartach,adjective
beatha,noun
beathach,noun
beathachadh,noun
being,noun
beinn,noun
beinn-deighe,noun
beir,verb
beirmear,noun
beò,adjective
beò-eòlas,noun
beòil,noun
beòshlaint,noun
beòshlainte,noun
beothachadh,noun
beothaichte,adjective
beothail,adjective
beothalachadh,noun
beothalaich,verb
beuc,noun
beul,noun
beul-aithris,noun
beulach,adjective
beus,noun
beus-chleaf,noun
beus-eòlas,noun
beus-loidhne,noun
bhailbh,noun
bhàna,noun
bhanadium,noun
bhascular,adjective
bheactor,noun
bheartagail,adjective
bheir,verb
bhideo,noun
bhidio,noun
bhìogan,noun
bhìoras,noun
bhith,verb
bho,preposition
bholcàno,noun
bholtaids,noun
bhòt,noun
bhràthair,noun
bi,verb
biadh,noun
bian,noun
biath,verb
biathadh,noun
biathadh-lìn,noun
bileag,noun
billean,noun
bine,noun
binn,adjective
bìoball,noun
biod,noun
biolair-uisge,noun
biorach,adjective
biosmat,noun
biot,noun
biot-mhapa,noun
birlinn,noun
bith,noun
bith,verb
bith-cheimigeachd,noun
bith-chonnadh,noun
bith-eòlach,noun
bith-eòlaiche,noun
bith-eòlas,noun
bith-iomadachd,noun
bith-lobhach,noun
bith-phrosbaig,noun
bith-theicneòlas,noun
bith-thomad,noun
bitheach,noun
bitheantas,noun
biùgan,noun
blaigeard,noun
blàr,noun
blas-cainnt,noun
blàth,adjective
blàthaich,verb
blàths,noun
bleigeard,noun
bleith,noun
bliadhna,noun
bliadhna-grèine,noun
bliadhna-solais,noun
bliadhnail,adjective
blogaire,noun
bloigh,noun
bobhla,noun
bòbhladh,noun
bochd,adjective
bochd,noun
bochdainn,noun
bodach,noun
bodhaig,noun
bodhar,adjective
bogha,noun
bogha-sìos,noun
bogsa a-mach,noun
bogsa a-steach,noun
bogsa puist-d,noun
bogsa,noun
bogsa-dearbhaidh,noun
bogsa-rabhaidh,noun
bòid,noun
bòidhchead,noun
bòidheach,adjective
bòidse,noun
boil,noun
boillsgeadh,noun
boireann,adjective
boireannach,noun
boiteag,noun
boiteag-tiùb,noun
boma,noun
bonaid,noun
bònas,noun
bonn,noun
bonn-theacsa,noun
bonnach,noun
borb,adjective
bòrd,noun
bòrd-brath,noun
bòrd-geal,noun
bòrd-ùrlair,noun
boron,noun
botal,noun
bothan,noun
bracaist,noun
bradan,noun
brag,noun
bragail,adjective
bràiste,noun
bràmair,noun
brat-ùrlar,noun
bratach,noun
brath puist-d,noun
brath,noun
bràth,noun
brathadair,noun
bràthair,noun
breab,noun
breac,noun
breacag,noun
brèagha,adjective
breige,noun
breigear,noun
breith,noun
breitheanas,noun
breithneachadh,noun
breòite,adjective
breug,noun
breug-bheachd,noun
breugach,adjective
briathar,noun
briathrachas,noun
brìgh,noun
brìgheil,adjective
briogais,noun
briosgaid,noun
bris,verb
briseadh,noun
briseadh-dùil,noun
brisgean-milis,noun
briste,adjective
bristeal,noun
britheamh,noun
brobhs,verb
brobhsair,noun
bròg,noun
bròg-spòrs,noun
brògach,adjective
broidse,noun
broilleach,noun
brònach,adjective
brònach,noun
brosnachadh,noun
brosnachail,adjective
brù,noun
bruach,noun
bruadair,noun
bruadair,verb
bruadar,noun
brùidealachd,noun
brùideil,adjective
bruidhinn,noun
bruidhinn,verb
brùth,verb
bruthach,noun
bruthadh,noun
buadh,noun
buadhair,noun
buaidh,noun
buaidh-astair,noun
buail,verb
buain,noun
buaireadh,noun
buanaiche,noun
buannachd,noun
bucas,noun
buidhe,adjective
buidheann,noun
buil ionnsachaidh,noun
buil,noun
buileach,adjective
buileach,adverb
buileach,noun
buileachadh,noun
buille,noun
buille-cheòl,noun
buille-cuisle,noun
buille-dealain,noun
buin,verb
bun,noun
bun-bheachd,noun
bun-dealain,noun
bun-ghnìomhachas,noun
bun-loidhne,noun
bun-reachdail,adjective
bun-stèidh,noun
bun-thomhas,noun
bunaiteach,adjective
buntanas,noun
buntàta,noun
bùrn,noun
burraidheachd,noun
bus,noun
bùth,noun
bùth-obrach,noun
cabhadh,noun
cabhag,noun
cabhagach,adjective
cabhaig,noun
càch,noun
cadal,noun
cadal,verb
caibideal,noun
caidil,verb
càil,noun
cailc,noun
càileachd,noun
caileag,noun
cailin,noun
caill,verb
cailleach,noun
cailleach-oidhche,noun
caillte,adjective
càin,noun
càineadh,noun
cainnt,noun
cainnt-lann,noun
caiptean,noun
càirdeach,adjective
càirdeas,noun
càirdeil,adjective
càirean,noun
cairt,noun
cairt-aithneachaidh,noun
cairt-creideis,noun
cairt-iùil,noun
cairt-siubhail,noun
cairteal,noun
caisead,noun
caisteal,noun
caith,verb
caithe-beatha,noun
caitheadair,noun
caitheamh,noun
caithris,noun
calg,noun
call,noun
calman,noun
calpachas,noun
caman,noun
camara,noun
camas,noun
campa,noun
can,verb
cana,verb
canadh,noun
canadh-eaglaise,noun
canal,noun
cànan,noun
cànanachas,noun
candaidh,noun
caochladair,noun
caochlaideach,adjective
caoidh,noun
caoineadh,noun
caol,adjective
caol,noun
caolan,noun
caolas,noun
caomh,noun
caora,noun
caoran,noun
caothach,noun
capadach,adjective
car,adjective
car,noun
càr,noun
carabhaidh,noun
carach,adjective
caractar,noun
càradh,noun
càraich,verb
caraid,noun
càraid,noun
caran,adjective
carbohaidreat,noun
cargu,noun
càrn,noun
carragh,noun
carson,other
carthannach,adjective
cartùn,noun
cas,noun
casach,adjective
casachain,noun
casachan,noun
casaid,noun
casaid-cùirte,noun
casg,verb
casg-breith,noun
casg-gineamhainn,noun
casg-searbhaig,noun
casgte,adjective
catailist,noun
catalog,noun
cath,noun
cathair,noun
catharra,adjective
cathraiche,noun
cèaban,noun
cead,noun
cead-cleachdaidh,noun
ceadachadh,noun
ceadaich,verb
ceadaichte,adjective
ceàird,noun
cealla,noun
cealla-dachaigh,noun
ceangail,verb
ceangailte,adjective
ceangal,noun
ceangalachan,noun
ceann,noun
ceann-bliadhna,noun
ceann-latha,noun
ceann-theacsa,noun
ceannaich,verb
ceannaiche,noun
ceannard,noun
ceannasach,adjective
ceannsaich,verb
cearbach,adjective
cearban,noun
cearc,noun
cearcall,noun
cearcall-thomhas,noun
ceàrd,noun
ceàrn,noun
ceàrn-àrdachaidh,noun
ceàrn-ìsleachaidh,noun
ceàrnag,noun
ceàrnaidh,noun
ceàrnanach,adjective
ceàrr,adjective
ceàrrachas,noun
ceàrraiche,noun
ceart,adjective
ceart-cheàrnach,adjective
ceart-cheàrnach,noun
ceart-cheàrnachail,adjective
ceartaich,verb
ceartas,noun
ceas,noun
ceasnachadh,noun
ceasnaich,verb
ceasneachail,adjective
ceathrad,noun
ceathramh,other
ceathrar,noun
cèile,noun
cèilidh,noun
cèilidh,verb
ceimigeach,noun
cèin,adjective
cèir,noun
cèis,noun
ceist,noun
ceithir-cheàrnach co-shìnte,noun
ceithir-cheàrnach,noun
ceithrar,noun
ceò,noun
ceòl,noun
ceòl-càraid,noun
ceòl-taic,noun
ceòladaireachd,noun
ceòlann,noun
ceòthach,adjective
ceud,noun
ceudachd,noun
ceudad,noun
ceudagram,noun
ceudaliotair,noun
ceudameatair,noun
ceudamh,other
ceum,noun
ceumnachadh,noun
chiontach,adjective
cho,adjective
choreigin,noun
chreid,verb
chun,preposition
cia mheud,other
ciad-fàth,noun
ciad-fhiacail,noun
ciall,noun
ciallach,adjective
ciallaich,verb
ciamar,other
cianalas,noun
ciar,verb
ciaradh,noun
ciatach,adjective
cidhe,noun
cidsin,noun
cile-uat,noun
cileagram,noun
cilemeatair,noun
cineataig,adjective
cinne-daonna,noun
cinneadh,noun
cinnidheachd,noun
cinnt,noun
cinnteach,adjective
cìobair,noun
cìocrach,adjective
ciombal,noun
ciont,noun
ciontach,adjective
ciorram,noun
cìs,noun
cìs-bhuailteach,adjective
ciste,noun
ciste-laighe,noun
ciùb,noun
ciùb-ceangail,noun
ciùbach,adjective
ciùbaichte,adjective
ciùbaid,noun
ciùin,adjective
clàbaraiche,noun
clabhacord,noun
clach,noun
clach-ghràin,noun
clach-meinnir,noun
clach-mheallain,noun
clach-mhuilinn,noun
clachair,noun
clachaireachd,noun
clachan,noun
cladach,noun
cladh,noun
clag,noun
clag-glainne,noun
claidheamh,noun
claigeann,noun
claigeann-eòlas,noun
clais,noun
claisneachd,noun
clann,noun
claon-bhreith,noun
clàr,noun
clàr-ama,noun
clàr-amais,noun
clàr-bhioran,noun
clàr-bhlòighean,noun
clàr-cearcaill,noun
clàr-cholbhan,noun
clàr-cluiche,noun
clàr-dèante,noun
clàr-dhealbhan,noun
clàr-fhicail,noun
clàr-ghnothaich,noun
clàr-innse,noun
clàr-iùil,noun
clàr-leabhraichean,noun
clàr-notaireachd,noun
clàr-sgrìobhaidh,noun
clàr-shràcan,noun
clàr-triceid,noun
clàradh,noun
clàraich,verb
clas,noun
clàs,noun
clasaigeach,adjective
clat-tomhais,noun
cleachd,verb
cleachdadh,noun
cleachdte,adjective
cleaf,noun
cleas,noun
cleasaiche,noun
cleimheachd,noun
clèireach,noun
cleoc,noun
clì,adjective
clì,noun
cliabh,noun
cliath,noun
cliath-dhuilleag,noun
cliath-lorgaidh,noun
cliathach,noun
cliog,noun
clionaigeach,adjective
clisg,verb
cliù,noun
cliùiteach,adjective
clò,noun
clò-bhauil,noun
clò-bhualadair,noun
clobha,noun
clobhd,noun
clogaid,noun
clòimh-liath,noun
clòraid,noun
clòrain,noun
clòrofail,noun
clòroplast,noun
closach,noun
clòsaid,noun
cluas,noun
cluich a-nis,verb
cluich,noun
cluich,verb
cluiche,noun
cluicheadair flash,noun
cluicheadair,noun
cluinn,verb
cnag na cùise,noun
cnàimh,noun
cnàimh-droma,noun
cnàmh-bìdh,noun
cnap,noun
cnatan,noun
cnò-dharaich,noun
cnoc,noun
cò,other
co,preposition
co-amail,adjective
co-aontar,noun
co-astarail,adjective
co-chasach,adjective
co-cheangailte,adjective
co-cheangal,noun
co-chomann,noun
co-chomhairleachaidh,noun
co-chomharra,noun
co-chòrdach,adjective
co-chòrdachd,noun
co-chòrdanaiche,noun
co-chothromachd,noun
co-chuid,noun
co-chuir,verb
co-chur,noun
co-dhiù,adverb
co-dhiù,other
co-dhùnadh,noun
co-èifeachd,noun
co-èifeachdair,noun
co-eòlaiche,noun
co-fhaclair,noun
co-fhaireachdainn,noun
co-fhlaitheas,noun
co-fhreagarrach,adjective
co-fhuaimeachd,noun
co-fhuaimneachadh,noun
co-fhuaimneachd,noun
co-ghnìomhair,noun
co-iomlaideach,adjective
co-ionann,adjective
co-ionannachd,noun
co-là-breith,noun
co-labhairt,noun
co-leanailteas,noun
co-leantainneach,adjective
co-leasachail,adjective
co-mheadhanach,adjective
co-mheas,noun
co-mheasadh,noun
co-obrachadh,noun
co-obrachail,adjective
co-òrdanaiche,noun
co-phàirt,noun
co-phàirteach,adjective
co-sheirm,noun
co-sheirmeach,adjective
co-shìnt,adjective
co-thàthadh,noun
co-theacsa,noun
co-thional,noun
co-thionndadh,adjective
cobhair,noun
còcaire,noun
còd,noun
còd-àireamh,noun
còd-faire,noun
coda,noun
cofaidh,noun
cofhurtachd,noun
cofhurtail,adjective
cog,verb
cogadh,noun
cogais,noun
coibhneil,adjective
còig-cheàrnach,noun
còig-nota,noun
còigeamh,other
còignear,noun
coigreach,noun
coileach,noun
coilean,verb
coileanadh,noun
coileanta,adjective
coilein,verb
coille,noun
coille-uisge,noun
coilltearachd,noun
coimeas,noun
coimeasach,adjective
coimheach,adjective
coimhead,verb
coimhearsnachd,noun
coimpiutair,noun
coimpiutaireachd,noun
coinneamh,noun
coinnich,verb
còir,noun
coirce,noun
coire,noun
coire-dhruma,noun
coireach,adjective
coireigin,noun
còirneal,noun
coiseachd,verb
coisich,verb
coisinn,verb
còisireach,adjective
coisridh,noun
còisridh,noun
coitcheann,adjective
coitheanal,noun
colaiste,noun
colbh,noun
colbh-bheactor,noun
coltach,adjective
coltachd,noun
coltas,noun
com,noun
com-pàirteachas,noun
com-pàirtiche,noun
coma,adjective
comain,noun
comaist,noun
comanaich,verb
comann,noun
comas ceangail,noun
comas,noun
comas-guth,noun
comas-lìonaidh,noun
comas-obrach,noun
comasach,adjective
comhairle,noun
comhairliche,noun
comhaois,noun
còmhardadh,noun
comharra duilleige,noun
comharra,noun
comharra-ceangail,noun
comharra-clèithe,noun
comharra-cunntaidh,noun
comharra-cùrsa,noun
comharra-dearbhaidh,noun
comharra-gleus,noun
comharra-tìme,noun
comharrachadh,noun
comharradh,noun
comharraich,verb
comharraichte,adjective
còmhdach,adjective
còmhdach,noun
còmhdaich,noun
còmhdail,noun
còmhla,adverb
còmhlachadh,noun
comhlachas,noun
còmhlan,noun
còmhnaich,verb
còmhnaidheach,adjective
còmhnard,adjective
còmhradh,noun
còmhradh,verb
còmhragaiche,noun
compàirteachadh,noun
companach,noun
companaidh,noun
còn,noun
conacag,noun
conadal,noun
conaltradh,noun
concrait,noun
connadh,noun
connrag,noun
connspaid,noun
connspaideach,adjective
consairt,noun
contrafhonn,noun
contrapuing,noun
copaidh carbon falaichte,noun
copaidh,noun
copaidh-dìon,noun
còr,noun
còraichean,noun
còras,noun
cord,noun
còrd,verb
còrdadh,noun
coreigin,noun
corn,noun
còrnair,noun
corp,noun
corporra,adjective
còrr,noun
còrr-ùine,noun
corra,adjective
corra,noun
corra-mhitheag,noun
corrag,noun
còsag,noun
cosamhlachd,noun
cosg,verb
cosgais,noun
cosmaig,adjective
cosmeòlas,noun
cosmeòlasach,adjective
cosnadh,noun
costa,noun
cothrom,noun
cothromach,adjective
cràbhach,adjective
cràbhadh,noun
crac,noun
cràic,noun
craiceann,noun
crangaid,noun
crann,noun
craobh,noun
crasg,verb
crath,verb
crathadh,noun
creach,noun
creach,verb
creag,noun
creamh-gàrraidh,noun
creid,verb
creideamh,noun
creideas,noun
creidsinn,noun
creud,noun
creutair,noun
cridhe,noun
cridhealas,noun
crìoch,noun
crìochnaich,verb
criochnaichte,adjective
crìochnich,verb
criomadair,noun
criomag,noun
crìon,verb
criopton,noun
crios,noun
crios-grèine,noun
crios-meadhain,noun
criostal-eòlas,noun
criothnachadh,noun
crith,noun
crith-thalmhainn,noun
critheanach,adjective
criutha,noun
croch,verb
crochte,adjective
crodh,noun
cròg,noun
croga,noun
crois,noun
croit,noun
croitear,noun
croitearachd,noun
croitseat,noun
crom,verb
cròmasom,noun
cròmat,noun
cromataig,adjective
cromataigeachd,noun
cròmo-liotografaidh,noun
cron,noun
crònan,noun
cruach,noun
cruadal,noun
cruaidh,adjective
cruaidh-shligneach,noun
cruan,noun
crùb,verb
crudha,noun
cruinn-eòlach,noun
cruinn-eòlas,noun
cruinne,noun
cruinne-cè,noun
cruinneachadh,noun
cruinneachas,noun
cruinneil,adjective
cruinnich,verb
cruth,noun
cruth-atharrachadh,noun
cruth-dhealbh,noun
cruthachail,adjective
cruthachaileachd,noun
cruthadair-ciùil,noun
cruthaich,verb
cù,noun
cuach-aibhne,noun
cuagach,adjective
cuairt,noun
cuairt-òran,noun
cuairt-shruthach,adjective
cuairt-thomhas,noun
cuairtchearcall,noun
cuairteach,adjective
cuan,noun
cuantam,noun
cuartachadh,noun
cuartaich,noun
cuartaich,verb
cùbhraidh,adjective
cudrom,noun
cudromach,adjective
cuèbhear,noun
cuibheas,noun
cuibhle,noun
cuibhreann,noun
cuid,noun
cuideachadh,noun
cuideachd,adverb
cuideachd,noun
cuideam,noun
cuideigin,noun
cuideil,adjective
cuidich,verb
cuidiche,noun
cuilean,noun
cuimhne,noun
cuimhneachain,noun
cuimhneachan,noun
cuimhnich,verb
cuir a-steach,verb
cuir air bhog,verb
cuir an gnìomh,verb
cuir an sàs,verb
cuir fios,verb
cuir ris,verb
cuir,verb
cuireadh,noun
cuiridh,noun
cùirt,noun
cuirte,adjective
cùirtear,noun
cùis,noun
cùis-lagha,noun
cuiseag,noun
cuisle,noun
cuisle-mhòr,noun
cùl,noun
cùl-fiosrachaidh,noun
cùl-raon,noun
cùlag,noun
cùlaist,noun
cularan,noun
cultar,noun
cùm ort,verb
cùm sìos,verb
cùm,verb
cumadail,adjective
cumadh,noun
cumail-taighe,noun
cumanta,adjective
cumhachd,noun
cumhachdach,noun
cumhang,adjective
cùmhnant,noun
cùmhnantan,noun
cunbhalach,adjective
cungaidh,noun
cunnart,noun
cunnartach,adjective
cunnt,verb
cunntair,noun
cunntas puist-d,noun
cunntas,noun
cunntasachd,noun
cunntasair,noun
cupa,noun
cur an cèill,noun
cur an sàs,noun
cur,noun
cur-ris,noun
cur-seachad,noun
curaidh,noun
cùram,noun
cùram-cloinne,noun
cùramach,adjective
curraicealam,noun
curran,noun
cùrsa,noun
cùrsa-beatha,noun
cursair,noun
cùrtair,noun
cus,noun
cusbann,noun
cuspair,noun
d,preposition
dà-chànanach,adjective
dà-fhillte,adjective
dà-ogsaid,noun
dabhdail,verb
dachaigh,noun
dachaigheil,adjective
daft,adjective
daga,noun
daibìotas,noun
dàil,noun
dàimh,noun
dàimhealachd,noun
daineamaigs,noun
daingeann,adjective
daingneachadh,noun
daingnich,verb
dall,adjective
dall,noun
dalta,noun
damh,noun
damhan-allaidh,noun
dàn,noun
dàna,adjective
dannsa,noun
dannsa,verb
dannsa-cruinn,noun
daoimean,noun
daolag,noun
daonn-eòlas,noun
daonna,noun
daonnachas,noun
daonnachd,noun
daonnaire,noun
daonnan,adverb
daor,adjective
darach,noun
data,noun
dath,noun
dathadh,noun
dathte,adjective
de,preposition
deadhan,noun
deagh,adjective
deagh-ghnè,noun
dealachadh,noun
dealaich,verb
dealaichte,adjective
dealan,noun
dealan-dè,noun
dealan-mhagnaiteach,adjective
dealasach,adjective
dealbh,noun
dealbh-camara,noun
dealbh-chluiche,noun
dealbh-chruth,noun
dealbh-peant,noun
dealbhag,noun
deàlradh,noun
dealta,noun
deamografaig,adjective
dèan,verb
dearbh,adjective
dearbh,verb
dearbh-aithne,noun
dearbhachd,noun
dearbhadair,noun
dearbhadh,noun
dearg,adjective
deàrrsadh,noun
deas,adjective
deas,noun
deas-ghnàth,noun
deas-thònadh,noun
deasaiche,noun
deasail,adjective
deasbad,noun
deasbaireachd,noun
deatach,noun
deatachadh,noun
deic,noun
deichead,noun
dèideag,noun
dèidh,noun
dèidheil,adjective
deidhinn,noun
deigh,noun
deilbh,noun
deilbh-tìre,noun
dèile,noun
dèilig,verb
dèiligeadh ri,noun
deimhinn,adjective
deimhinne,adjective
dèine,noun
deireadh,noun
deireadh-sheachdain,noun
deireannach,adjective
deisciobal,noun
deiseil,adjective
deit,noun
demisemicuèbhear,noun
deoch,noun
deoch-làidir,noun
deòin,noun
deònach,adjective
deònaich,verb
deuchainn,noun
deuchainneach,adjective
deucon,noun
deug,adjective
dha-rìreabh,adverb
dhachaigh,adverb
di,preposition
dì-chomasaichte,adjective
dì-chomharraich,verb
dia,noun
diadhachd,noun
diadhaidh,adjective
diadhair,noun
diadhaire,noun
diathad,noun
diatonaig,adjective
dibhearsain,noun
dìcheall,noun
dìcheallach,adjective
didseatach,adjective
dìg,noun
dìleab,noun
dìleas,noun
dìmeas,noun
dìnnear,noun
dìobhairt,noun
dìochuimhnich,verb
diofar,noun
diofraichte,adjective
diog,noun
dìoghaltas,noun
dìol,verb
dìomhair,adjective
dìomhair,noun
dìomhaireachd,noun
dìon chloinne,noun
dìon,verb
dìon-bodhaig,noun
dìonachd,noun
dioplòma,noun
dioplòmasaidh,noun
diosg,noun
diospròsium,noun
diotar,noun
dìr,verb
dìreach,adjective
dìreach,adverb
dìreadh,noun
dìrich,verb
dìsinn,noun
dìt,verb
dìth,adjective
dìth,noun
dithis,noun
diù,noun
diùbhrasach,noun
diùc,noun
diùlt,verb
diùraidh,noun
dleastanas,noun
dlùth,adjective
dlùth,verb
dlùth-cheàrn,noun
dlùth-chruth,noun
dlùth-leughadh,noun
dlùths,noun
do,adjective
do,preposition
do-chreidsinneach,adjective
do-fhaotainn,adjective
do-roinnte,adjective
do-smaoineachail,adjective
docair,noun
dòcha,adjective
dòcha,noun
dòchas,noun
dòchasach,adjective
dòigh,noun
dòigh-beatha,noun
dòigheil,adjective
dòil,noun
doimhneachd,noun
doirbh,adjective
dol a-mach,noun
dol fodha,noun
dol,noun
dol,verb
dolair,noun
domhainn,adjective
domhan-fhad,noun
dona,adjective
donas,noun
donn,adjective
dòrainneach,adjective
doras,noun
dorcha,adjective
dorchadas,noun
dòrlach,noun
dòrn,noun
dorsair,noun
dòrtadh,noun
dotag,noun
dotagach,adjective
dotair,noun
dragh,noun
dràibh,verb
dràibhear,noun
dràibhig,verb
drama,noun
dràma,noun
draoidh ruigsinneachd,noun
draoidh,noun
drathars,noun
dreach,noun
dreachd,noun
dreag,noun
dreagag,noun
dreasair,noun
dreuchd,noun
drilig,verb
droch,adjective
drochaid,noun
droga,noun
dronnag,noun
drùidhteach,adjective
druim,noun
druim-altach,noun
drùis,noun
druma,noun
duais,noun
duais-roinn,noun
dual,noun
dual,verb
dualchainnt,noun
dualchas,noun
dùbail,noun
dùbailte,adjective
dubh às,verb
dubh,adjective
dubh,verb
dubh-ghorm,adjective
dubhadh,noun
dubhan,noun
dùbhlan,noun
dubhradh,noun
dubhsgàil,noun
dùblachadh,noun
dublaid,noun
dùil,noun
duilgheadas,noun
duilich,adjective
duilleag,noun
duilleag-dachaigh,noun
duilleag-obrach,noun
dùin,verb
duine,noun
duineil,adjective
dùinte,adjective
duiseal,noun
dùisg,verb
dùmhail,adjective
dùn,noun
dùn,verb
dùnadh,noun
dùr,adjective
dùrachd,noun
dùrd,noun
dusan,noun
dust,noun
dùthaich,noun
dùthchail,adjective
eacarsaich,noun
each,noun
each-mara,noun
eachdraiche,noun
eachdraidh,noun
eachdraidh-beatha,noun
eaconamaidh,noun
eaconomas,noun
eadar,other
eadar,preposition
eadar-aghaidh,noun
eadar-ama,noun
eadar-chairtealach,noun
eadar-chluich,noun
eadar-chuspaireil,noun
eadar-dhealaichte,noun
eadar-ghnìomhach,noun
eadar-ghnìomhail,noun
eadar-lìon,noun
eadar-mhìneachadh,noun
eadar-mhìnich,noun
eadar-nàiseanta,noun
eadar-obair,noun
eadar-obrachail,noun
eadar-sgaoil,noun
eadar-sgaoileadh,noun
eadar-sgarachdainn,noun
èadhar-dhìonach,noun
eadhon,noun
èadhraig,noun
eadra-gnè,noun
eadra-lìon,noun
eag-eòlach,noun
eag-eòlas,noun
eag-sgoil,noun
eag-shiostam,noun
eagal,noun
eagalach,adjective
eagallach,noun
eaglais,noun
eaglais-eòlas,noun
eaglaiseil,noun
eagraich,noun
ealain agus deilbh,noun
ealain,noun
ealanta,adjective
ealanta,noun
ealastomar,noun
eallach,noun
eanchainn,noun
ear,noun
ear-dheas,noun
earball,noun
earbsa,noun
earbsach,noun
èarobaig,noun
èarofoidhl,noun
earra,noun
earrach,noun
earrann,noun
eas,preposition
eas-aontar,noun
eas-aontarachd,noun
eas-fhuaimneach,noun
eas-fhuaimneachd,noun
eas-sheirm,noun
easbhaidh,noun
èasgaidh,adjective
èasgaidh,noun
eathar,noun
èibhinn,adjective
èibhinn,noun
èideadh,noun
èideadh-sgoile,noun
èifeachdach,noun
èigh,verb
eigh-shruth,noun
èigheachd,noun
èiginn,noun
èignich,verb
èildear,noun
eile,adjective
eileagtronaigeach,noun
eileamaid,noun
eilean,noun
einnsean,noun
einnsean-lorg,noun
einnseanaireachd,noun
eireachdail,adjective
èirich,verb
eiridinn,noun
eirmseach,adjective
eisimeileach,adjective
eisimpleir,noun
eisir,noun
èist,verb
èisteachd,noun
eitean,noun
eitneografaidh,noun
eitneòlaiche,noun
eitneòlas,noun
eits,noun
eitseadh tioram,noun
eitseadh,noun
emfasìoma,noun
eòlach,adjective
eòlaiche,noun
eòlaiche-chnàmhan,noun
eòlaiche-fiosaig,noun
eòlaiche-sluaigh,noun
eòlas corporra,noun
eòlas creideimh is moraltachd,noun
eòlas gnothachais,noun
eòlas pearsantaagussòisealta,noun
eòlas,noun
eòlas-bodhaig,noun
eòlas-cheallan,noun
eòlas-cungaidh,noun
eòlas-diadhachd,noun
eòlas-dualchainnt,noun
eòlas-inntinn,noun
eòlas-leigheis,noun
eòlas-sgrìobhaidh,noun
eòlas-sluaigh,noun
eòlas-tomhais,noun
eòrna,noun
eu,preposition
eu-dòchais,noun
eu-dòchasach,noun
eu-tònalach,noun
euchd,noun
eucoir,noun
eucoir-eòlas,noun
eucoir-saidhbear,noun
eucoireach,adjective
eucoireach,noun
eucorach,noun
eudach,adjective
eudach,noun
eudaich,verb
eun,noun
euslaint,noun
euslainteach,noun
fa leth,noun
fa-near,noun
fàbhar,noun
fabharach,adjective
fàbharach,adjective
facal,noun
facal-faire,noun
faclair,noun
factar,noun
factaraich,noun
fad,noun
fàd,noun
fad,preposition
fad-bheatha,noun
fada fad,adjective
fada,adjective
fada,adverb
fada,noun
fàg,noun
fàg,verb
fàgail,verb
faic,verb
faiceallach,adjective
faiceallach,noun
faicsinneach,adjective
faid,noun
faide,noun
fàidh,noun
faidhle,noun
faidhle-fiosrachaidh,noun
faidhle-fuaim,noun
faigh,verb
faighinn,verb
faighnich,verb
fàileadh,noun
faileas,noun
fàilte,noun
fàinne,noun
faire,noun
fàire,noun
faireachdainn,noun
fairich,verb
faisg,adjective
faisg-dhùblachadh,noun
faisg-iomad,noun
falach,noun
falaich,verb
falaichte,noun
falaisg,noun
falamh,adjective
falamh,noun
falbh,noun
falbh,verb
fallain,adjective
fallain,noun
fallaineachd,noun
fallas,noun
falmadair,noun
falsa,adjective
falt,noun
famh,noun
fanaid,noun
fanaid,verb
fànas,noun
fann,adjective
fann,noun
faochadh,noun
faod,verb
faoighiche,noun
faoileag,noun
faoin,adjective
faoin,noun
far,preposition
far-loidhne,noun
fàradh,noun
farmad,noun
farpaiseach,noun
farsaing,noun
farsaingeachd,noun
fàs,adjective
fàs,verb
fàs-bheairt,noun
fàs-bheairteach,noun
fàsach,noun
fàsachadh,noun
fasan,noun
fasanta,adjective
fasgadh,noun
fastaich,verb
fàth,noun
fathann,noun
feabhasach,noun
feachd,noun
feadag,noun
feadh,noun
feadhainn,noun
fealla-dhà,noun
feallsanachd,noun
feallsanachdail,noun
feamainist,noun
feans,noun
feansa,noun
fear,noun
fear-tàileisg,noun
fearg,noun
feargach,adjective
feargach,noun
feart,noun
feasgar,noun
fèilidh,noun
fèin,noun
fèin-mheasadh,noun
fèin-mhìneachail,noun
fèin-obrachail,noun
fèineil,noun
fèis,noun
fèith,noun
feith,verb
fèith-fala,noun
fèith-lùthaidh,noun
fèitheach,noun
fèitheag,noun
feitheamh,noun
feòil,noun
feòil-itheadair,noun
ferro-choncrait,noun
feuch,verb
feudar,adjective
feudar,noun
feum,noun
feum,verb
feumail,adjective
feumalachd,noun
feumalachdan taice a bharrachd,noun
feur,noun
feusag,noun
fhaigh,verb
fhathast,adverb
fhathast,noun
fiabhras,noun
fiacail-crìche,noun
fiacail-cùil,noun
fiach,noun
fiachan,noun
fiadhaich,adjective
fiadhaich,noun
fialaidh,adjective
fialaidh,noun
fiamh,noun
fiamh-dhath,noun
fianais,noun
fiaradh,noun
fichead,noun
ficheadamh,noun
ficsean,noun
figear,noun
figearail,noun
fileamaid,noun
fileanta,noun
fill,verb
filleadh,noun
fìllte,noun
fiodh,noun
fiodhach,noun
fìon,noun
fìon-geur,noun
fìon-lios,noun
fionnar,noun
fionnarachadh,noun
fionnaraigh,noun
fior,adjective
fìor,adjective
fìor,noun
fìor-cheart,noun
fìor-fhaid,noun
fìor-uisge,noun
fios,noun
fiosaigs,noun
fiosrachadh,noun
fìreanachadh,noun
fireannach,noun
fìrinn,noun
fìrinneach,noun
fiseadh,noun
fiù,adverb
fìù,adverb
fiùran,noun
fiù’s,noun
flaiseadh,noun
flaitheas,noun
flat,noun
fliuch,noun
fluaraid,noun
flùr,noun
fo,preposition
fo-bhuidheann,noun
fo-cheann,noun
fo-dhearg,noun
fo-dheuchainn,noun
fo-làrach,noun
fo-mhothachadh,noun
fo-phlanaid,noun
fo-roinn,noun
fo-roinneadh,noun
fòghainn,verb
foghar,noun
foghlam adhartach,noun
foghlam,noun
foighidinn,noun
foighidneach,adjective
foighidneach,noun
foileag,noun
foill,noun
foillseachadh,noun
foillsich,noun
foillsich,verb
foireansach,noun
foirmeil,noun
foirmle,noun
fois,noun
fois-fòirneirt,noun
foiseil,adjective
follaiseach,adjective
follaiseach,noun
fòn,noun
fòn-làimhe,noun
fonaigs,noun
foneataigs,noun
foneòlas,noun
fonn,noun
fonn-duain,noun
fonnmhor,noun
fòram,noun
forc(a),noun
fòrladh,noun
fòrmat,noun
forsa,noun
fortan,noun
fortanach,adjective
fosail,noun
fosfar,noun
fosfaras,noun
fosfonat,noun
fosgail,noun
fosgail,verb
fosgailte,adjective
foto-co-chur,noun
fradharc,noun
fraoch,noun
frasair,noun
freagair,verb
freagairt,noun
freagarrach,adjective
freagarrach,noun
freagarrachd,noun
freagrachadh,noun
freagraich,noun
frèam,noun
freicead,noun
freumh,noun
freumh-fhaclachd,noun
frithealadh,noun
frithealaiche,noun
fuachd,noun
fuaigheal,noun
fuaigheil,noun
fuaim,noun
fuaim-tarsainn,noun
fuaimealas,noun
fuaimneachadh,noun
fuaimreachadh,noun
fuaimreag,noun
fuar,adjective
fuaraich,noun
fuasgladh,noun
fuath,noun
fùdar,noun
fuil,noun
fuiling,verb
fuincsean,noun
fuirich,verb
furasta,adjective
furtachd,noun
gabh,noun
gabh,verb
gad,noun
gadaiche,noun
gàgail,noun
gàidhealtachd,noun
gaineag-eòlas,noun
gainmheach,noun
gainnead,noun
gàir,verb
gàirdean,noun
gàire,noun
gàireachdainn,noun
gàirich,verb
gairmeach,noun
gàirnealair,noun
gàirnealaireachd,noun
gaiseadh,noun
gaisgeach,noun
gaisgeachd,noun
gal,noun
galan,noun
galar,noun
galla,noun
gann,adjective
gaoisnean,noun
gaoithean,noun
gaol,noun
gaoth,noun
garaids,noun
garbh,adjective
gàrradaireachd,noun
gàrradh,noun
gas,noun
gasta,adjective
gath,noun
gèadh,noun
geal,adjective
gealach,noun
gealachail,noun
geall,noun
geall,verb
gealladh,noun
gealladh-pòsaidh,noun
gealtaire,noun
geama,noun
geamair,noun
geamhradh,noun
geansaidh,noun
gearain,verb
gearastan,noun
geàrr ceangal,noun
geàrr,noun
geàrr,verb
geàrr-chunntas,noun
geàrr-sgrìobhadh,noun
gearradh,noun
geata,noun
ged tà,noun
ged,preposition
gèidh,noun
geo-thearmach,noun
geodha,noun
geoimeatrach,noun
geoimeatraidh,noun
geòla,noun
geòlaiche,noun
geòlas,noun
geur,adjective
geur,noun
geur-leamhainn,noun
gheàrr,verb
gige,noun
gille,noun
gillean,noun
gin,noun
gine,noun
gineadh,noun
gineal,noun
ginealach,noun
ginean,noun
gineòm,noun
ginideach,noun
ginteil,noun
gintinneachd,noun
giogabaidht,noun
giomach,noun
giorrachadh,noun
giotàr,noun
giùlain,verb
giùlan,noun
giullachd,noun
glac,noun
glac,verb
glacadh,noun
glagadaich,noun
glaim,noun
glainne,noun
glais,verb
glaiste,adjective
glaiste,noun
glan,adjective
glan,noun
glan,verb
glaodh,noun
glaodh,verb
glaodhan,noun
glaoic,noun
glas,adjective
glas,noun
glas,verb
glasraich,noun
glasraiche,noun
gle,adjective
glè,adjective
gleadhar,noun
gleann,noun
gleidh,verb
glèidh,verb
glèidhte,noun
glèidhteachas,noun
gleus,noun
glic,adjective
glic,noun
glìob,noun
gliocas,noun
glòir,noun
gluais,verb
gluasad,noun
glùcos,noun
glumag,noun
glùn,noun
gnàth,noun
gnàth-ìomhaigh,noun
gnàth-shìde,noun
gnàthach,adjective
gnàthaich,noun
gnàthas,noun
gnè,noun
gnìomh,noun
gnìomhach,noun
gnìomhachadh,noun
gnìomhachas,noun
gnìomhachas-seirbheis,noun
gnìomhachasadh,noun
gnìomhaich,noun
gnìomhair,noun
gnogadh,noun
gnothach,noun
gnothachas,noun
gnùis-eòlas,noun
gob,noun
gobha,noun
gobhar-fhiadhaich,noun
goid,verb
goileam,noun
goilf,noun
goireas,noun
goirid,adjective
goiriola,noun
goirt,adjective
goirt,noun
goirtich,verb
gon,verb
gòrach,adjective
gòrach,noun
gòraich,noun
gòraiche,noun
gorm,adjective
gort,noun
gràbhalachd,noun
gràbhalaiche,noun
grabhatach,noun
grabhataidh,noun
grad,adjective
grad-lorg,noun
gràdh,noun
gràdhach,adjective
graf,noun
graf-bhannan,noun
graf-bhlocaichean,noun
graf-bhogsaichean,noun
graf-cearcaill,noun
graf-cholbhan,noun
graf-sgapte,noun
graf-spìceach,noun
grafaigs,noun
graifit,noun
gràin,noun
grain-cinnidheachd,noun
gràineil,adjective
gràineil,noun
grànda,adjective
grannda,noun
gràpa,noun
gràs,noun
greallag,noun
grèidheadh,noun
grèim,noun
greis,noun
greiseag,noun
grian,noun
grian-stad,noun
grinn,adjective
grinn,noun
grìogag,noun
grodadh,noun
gruaim,noun
gruamach,adjective
gruamach,noun
grunn,noun
grunnan,noun
gu h-obann,noun
gu,adjective
gu,preposition
gual,noun
gualainn,noun
gualann,noun
guga,noun
guirean,noun
gul,noun
gun,preposition
gunna,noun
gus,preposition
guth,noun
guth-clèibh,noun
guth-meadhain,noun
guthach,noun
haidreolaig,noun
haidrid,noun
haidridean,noun
haloidean,noun
harmonaig,noun
heactair,noun
hearoan,noun
hearoin,noun
heileacoptar,noun
hemidemisemicuèbhear,noun
iad,preposition
iadhaire,noun
iads,preposition
iall,noun
ialtag,noun
iar,noun
iar-bhreith,noun
iar-cheannard,noun
iar-chlasaigeach,noun
iar-chunntasair,noun
iar-dheas,noun
iar-ghnìomhachas,noun
iar-leasachan,noun
iar-thuath,noun
iarainn,noun
iarann,noun
iarannach,noun
iargalta,noun
iarr,verb
iarraidh,verb
iarrainn,noun
iarrtas,noun
iasad,noun
iasadaiche,noun
iasg,noun
iasgach,noun
iasgaich,verb
iasgair,noun
idir,adverb
ifrinn,noun
ìm,noun
imcheist,noun
imich,verb
imlich,noun
ìmpidheachd,noun
impis,noun
impreiseanachd,noun
impreiseanair,noun
imrich,noun
imriche,noun
in-ghabhaltas,noun
inbhe,noun
inbheach,noun
inbheartach,noun
inbhir,noun
inchrioptadh,noun
inchrioptaich,noun
inchrioptaichte,noun
indeacs,noun
inghearach,noun
inneal,noun
inneal-atharrachaidh,noun
inneal-ìomhaigheachd,noun
innis,noun
innis,verb
innis-mhuir,noun
innleachdach,adjective
innleadaireachd,noun
innse,verb
inntinn,noun
inntinneach,adjective
inntinneach,noun
inntinneil,adjective
intèarnach,noun
intèarnas,noun
ìoc,noun
iochd,noun
iochdmhor,adjective
iodhlann,noun
iòga,noun
iolaire,noun
iolra,noun
iom,preposition
iom-dhiadhachd,noun
iom-obrachadh,noun
iom-obrachail,noun
iom-oibreachd,noun
iom-oibriche,noun
ioma-charbogsalat,noun
ioma-chuspaireil,noun
ioma-mheadhanach,noun
ioma-shlighe,noun
iomad,noun
iomadach,noun
iomadachadh,noun
iomadachd,noun
iomadair,noun
iomadh,noun
iomagain,noun
iomair,verb
iomairt,noun
iomall,noun
iomallach,adjective
iomallach,noun
iomarra,noun
iomchaidh,adjective
iomchaidh,noun
ìomhaigh,noun
ìomhaigheachd dhidsiteach,noun
ìomhaigheachd,noun
iomlaid,noun
iomlan,noun
iomlanachd,noun
iomradh,noun
iomradh,verb
iomraiteach,adjective
iomsgaradh,noun
ionad,noun
ionad-aiseig,noun
ionad-cumhachd,noun
ionad-luathrachaidh,noun
ionad-slàinte,noun
ionadachadh,noun
ionadail,noun
ionaltradh,noun
ionann-cheàrnach,noun
ionann-thaobhach,noun
iongantach,adjective
iongantach,noun
iongantas,noun
iongnadh,noun
ionmhalta,noun
ionmhas,noun
ionmhasair,noun
ionmholta,adjective
ionnan,adjective
ionndrainn,noun
ionnlaid,noun
ionnsachadh-d,noun
ionnsaich,verb
ionnsaigh,noun
ionnsramaid,noun
ionnsramaideach,noun
ìoranach,noun
ìoranas,noun
ìosal,adjective
ìosal,noun
ìre,noun
iriosal,adjective
iris,noun
is,verb
ìseal,noun
isean,noun
iso-ruitheamach,noun
isomeatrach,noun
itealag,noun
itealan,noun
ith,verb
ithe,verb
itheadair-sheangan,noun
iuchair,noun
iùl,noun
iùl-lann,noun
iutharna,noun
labhairt,noun
lachan,noun
lactose,noun
ladarna,adjective
lag,adjective
lag,noun
lagh,noun
laghail,adjective
làidir,adjective
làidir,noun
laigh,verb
laighe,noun
laigse,noun
làimhseachadh,noun
làmh,noun
làmh-an-uachdair,noun
làmh-choille,noun
làmh-sgrìobhadh,noun
làmh-sgrìobhainn,noun
lampa,noun
làn,adjective
lann,noun
lannsair,noun
lannsaireachd,noun
laoch,noun
laoidh,noun
lapach,noun
làr,noun
làrach,noun
làrach-lìn,noun
làraidh,noun
lasadh,noun
lasair,noun
latha,noun
latha-grèine,noun
latha-reultach,noun
lathair,noun
làthair,noun
le,preposition
leabaidh,noun
leabhar -d,noun
leabhar,noun
leabhar-cheist,noun
leabhar-làimhe,noun
leabhran,noun
leac,noun
leadaidh,noun
leag,noun
leag,verb
leagh,verb
lean,verb
lèana-bòbhladh,noun
leanabh,noun
lèanag,noun
leannan,noun
leannanachd,noun
leannanachd,verb
leantainneach,noun
leas,noun
leas-abhainn,noun
leas-ghnìomhachas,noun
leas-phrionnsapal,noun
leas-phrosbaig,noun
leasachadh,noun
leasaich,verb
leasan,noun
leatas,noun
leathad,noun
leathann,adjective
leathann,noun
leathar,noun
leibideach,adjective
leig,verb
leigeadh,noun
lèigh,noun
leigheas,noun
leigheas-chnàmh,noun
lèine,noun
lèir,noun
lèirmheas,noun
lèirsinn,noun
leisg,adjective
leisg,noun
leisgean,noun
leisgeul,noun
leithid,noun
leòn,noun
leòn,verb
leòr,noun
leòsan,noun
leth,adjective
leth,noun
leth,preposition
leth-bhreacadair,noun
leth-bhreith,noun
leth-char,noun
leth-cheathramh,noun
leth-chruinne a deas,noun
leth-chruinne a tuath,noun
leth-chruinne,noun
leth-dhùnadh,noun
leth-eilean,noun
leth-liotair,noun
leth-mheatair,noun
lethbhreac,noun
letheadair,noun
lethich,noun
leud,noun
leud-banna,noun
leudachadh,noun
leudaich,noun
leudaich,verb
leugh,verb
leughadair,noun
leughadair-d,noun
leughadh,noun
leum thairis,noun
leum,noun
leum,verb
leus,noun
libearalachd,noun
liberalachd,noun
lìbhrig,noun
lìbhrig,verb
lide,noun
lìgeach,adjective
lighiche,noun
lìnig,verb
lìnigeadh,noun
linn,noun
linne,noun
lioftanant,noun
liogamaint,noun
liomf,noun
lìomh,verb
lìomhach,adjective
lìon na cruinne,noun
lìon,noun
lìon,verb
lìonmhor,adjective
lionn,noun
lìonra sòisealta,noun
lìonra,noun
lios,noun
liosta,noun
liosta-miann,noun
liotair,noun
liotograf,noun
liotografaidh,noun
liotografaig,noun
lirig,noun
lirigeach,noun
litearrachd,noun
litir,noun
litireil,noun
litreachadh,noun
litreachais,noun
liugach,adjective
liuthad,noun
lobhta,noun
lobhte,adjective
loch,noun
loch-tasgaidh,noun
lochan,noun
lochd,noun
loda,noun
loga,noun
loidhne-àirde,noun
loidhne-clèithe,noun
loidhne-dàtaim,noun
loidhne-gearraidh,noun
loidhne-grunnd,noun
loidhne-meadhain,noun
loidhne-muigh,noun
loidhne-stiùiridh,noun
loidhne-tìme,noun
loidhne-togail,noun
loidhneach,noun
loidsig,noun
loisg,noun
loisg,verb
lom,adjective
lom,noun
lomnochd,adjective
lòn,noun
long,noun
lorg agus glan,noun
lorg carboin,noun
lorg,noun
lorg,verb
losgadh-bràghad,noun
luach,noun
luachadh,noun
luachmhor,adjective
luachmhor,noun
luaidh,noun
luairean,noun
luaisgeanach,noun
luath,adjective
luathrachadh,noun
luathraich,noun
luaths,noun
lùb,noun
lùb,verb
lùbadh,noun
lùban,noun
lùbte,noun
luch,noun
luchd,noun
luchd-aithne,noun
luchd-amhairc,noun
luchd-ceannaich,noun
luchd-èisteachd,noun
luchd-ionnsachaidh,noun
luchd-leantainn,noun
luchd-obrach,noun
luchd-sgrùdaidh,noun
luchdachadh suas,noun
luchdaich a-nuas,noun
lùghdachadh,noun
lùghdaich ìre,noun
luibh-eòlas,noun
lùig,verb
lus,noun
lùth,noun
lùth-chleasach,noun
lùth-chleasachd,noun
lùth-chleasaiche,noun
lùthmhor,adjective
ma dh’fhaoidte,noun
ma,preposition
ma,verb
ma-thà,adverb
mac,noun
mac-meanmainn,noun
mac-meanmna,noun
mach-chur,noun
mach-ghluais,noun
macmeanmhail,noun
madadh-allaidh,noun
madainn,noun
magadh,noun
magnaiteach,noun
magnaiteachd,noun
maicreasgop,noun
maicreobach,noun
maide,noun
maids,noun
maighstir,noun
màileachan elfsaoradh,noun
mailèiria,noun
màilleach,noun
maireannach,noun
mairg,noun
maise-gnùis,noun
maiseach,adjective
maiseachadh,noun
maiseachadh-làimhe,noun
màl,noun
màl-cheannachd,noun
mala,noun
malairt chothromach,noun
malairt,noun
malairteach,noun
mallachd,noun
manaidsear,noun
mansa,noun
maoineachadh,noun
maol,adjective
maor,noun
maorach,noun
maoth-chnàimh,noun
maothaichte,noun
map-ìomhaigh,noun
mapa,noun
mapadh,noun
mar,preposition
marbal,noun
marbh,adjective
marbh,verb
marbhadh,noun
marbhlann,noun
marcachd,noun
margaid,noun
margaidheachd,noun
mas,preposition
masladh,noun
matamataig,noun
matamataigeach,noun
math,adjective
math,noun
màthair,noun
mathan,noun
mathanas,noun
mathanasach,noun
meadhan,noun
meadhan-aoisean,noun
meadhan-bheàrnach,noun
meadhan-latha,noun
meadhan-oidhche,noun
meadhanach,adjective
meadhanach,noun
meadhanan,noun
meadhanta,noun
meall,verb
mealladh,noun
meallta,noun
mealltach,adjective
meamran,noun
mean air mhean,noun
mean-fhàs,noun
mean-thomhais,noun
meanbh-fhrìde,noun
mearachadh,noun
mearachd,noun
meas,noun
meas,verb
measadh,noun
measg,noun
measgaichte,noun
meatafiosaigs,noun
meatafor,noun
meatailt,noun
meatailteach,noun
meatailteachd,noun
meatair,noun
meataloighd,noun
meatodach,noun
meatrach,noun
meatranòm,noun
meatso-thuar,noun
meatso-thuaradh,noun
meidh,noun
meidigeach,noun
mèinn,noun
mèinnearachd,noun
mèinnir-eòlaiche,noun
mèinnir-eòlas,noun
meirg,noun
mèirleach,noun
melo-dràma,noun
menu-seallaidh,noun
meòrachadh,noun
meòraich,noun
meud,noun
meudachadh,noun
meudaich,noun
meudaichear,noun
meug,noun
meur,noun
meur-chlàr,noun
meur-creideimh,noun
meurachadh,noun
mhàthair,noun
mi,preposition
mì,preposition
mì-chinnt,noun
mì-chinnteach,noun
mì-chofhurtail,noun
mì-fheum,noun
mì-fhoighidneach,noun
mì-fhreagarrach,noun
mi-ghnàthach,noun
mì-ghnàthas,noun
mì-mhodhail,noun
mì-mhoralta,noun
mì-nàdarra,noun
mì-thoilichte,noun
miann,noun
mias,noun
micro-bith-eòlas,noun
micro-fhàs-bheairt,noun
micro-thonn,noun
mile,noun
mìle,noun
mìleamh,noun
milemeatair,noun
mililotair,noun
milis,adjective
mill,verb
millean,noun
min,noun
mìneachadh,noun
mìnich,noun
minig,adjective
ministear,noun
mion,adjective
mion,preposition
mion-dealbh,noun
mion-fhiosrachadh,noun
mion-lorg,noun
mionach,noun
mionaid,noun
mionaideach,noun
mionaideachd,noun
mionamalachd,noun
mionnan,noun
mìorbhail,noun
mìorbhaileach,adjective
mìorbhaileach,noun
mìorceit,noun
mìos,noun
mìosachan,noun
miotag,noun
miotas-eòlas,noun
miotasach,noun
misean,noun
misgear,noun
misneachail,noun
misneachd,noun
mith-chainnt,noun
mnà,noun
mòd,noun
mòdach,noun
modail,noun
mòdam,noun
modaràtor,noun
modh,noun
modh-obrach,noun
modhail,adjective
modhail,noun
modhan,noun
moileciuil,noun
moileciuileach,noun
mòine,noun
mòinteach,noun
mol,verb
moladh,noun
moladh,verb
molasc,noun
monadh,noun
monitor,noun
mòr,adjective
mòr,noun
mòr-chaochladh,noun
mòr-ghalar,noun
mòr-rathad,noun
mòr-roinn,noun
mòr-thìr,noun
mòr-thìreach,noun
moralta,noun
mòran,noun
mosgìoto,noun
motair,noun
mothachadh,noun
mothachail,noun
mothaich,verb
msaa,noun
mu,preposition
muc,noun
muc-mhara,noun
mùch,verb
mufain,noun
muga,noun
mùgach,adjective
muile,noun
muile-mhàgag,noun
muileann,noun
muileann-gaoithe,noun
muillean,noun
muiltean,noun
muime,noun
muin,noun
muinchill,noun
muineal,noun
muinichill,noun
muinntir,noun
muir,noun
muir-thìreach,noun
muir-tiachd,noun
mùirneach,adjective
muirsgean,noun
mulad,noun
mullach,noun
mumaidh,noun
muncaidh,noun
murt,noun
murt,verb
murtair,noun
mus,preposition
muslamach,noun
mùtaireachd,noun
mùthadh,noun
na,adjective
na,preposition
naa-cnàmhadh,noun
nàbaidh,noun
nàdar,noun
nàdarra,noun
nàdarrach,adjective
naidheachd,noun
nàimhdeas,noun
nàire,noun
nàiseanta,adjective
nàiseanta,noun
naisgear,noun
nàmhaid,noun
nan,preposition
naoidheamh,noun
naomh,noun
nàraich,verb
nas,adjective
nathair,noun
neach,noun
neach-aithne,noun
neach-aithris,noun
neach-anailis,noun
neach-cleachdaidh deireannach,noun
neach-cleachdaidh,noun
neach-comhairle,noun
neach-cuir,noun
neach-eagrachaidh,noun
neach-faighinn,noun
neach-fàilteachaidh,noun
neach-fastaidh,noun
neach-glèidhteachais,noun
neach-ionnsachaidh,noun
neach-leasachaidh,noun
neach-reic,noun
neach-taic,noun
neach-taice,noun
neach-teagaisg,noun
neach-tionnsgain,noun
neach-togail-dhealbhan,noun
nead,noun
nèamh,noun
neamhnaid,noun
neapraig,noun
nearbh,noun
neart,noun
neartachadh,noun
nèibhi,noun
neo,preposition
neo-àbhaisteach,noun
neo-ainneart,noun
neo-aisigeach,noun
neo-ath-nuadhachail,noun
neo-bhitheach,noun
neo-bhrìgheil,noun
neo-cheangailte,noun
neo-chinnteachas,noun
neo-choltach,noun
neo-chòmhragach,noun
neo-chothromach,noun
neo-chrìochnach,noun
neo-chuidead,noun
neo-dhìreach,noun
neo-dhruim-altachan,noun
neo-fhaicsinneach,noun
neo-fhàs-bheairteach,noun
neo-fhoirmeil,noun
neo-iarannach,noun
neo-ionann,noun
neo-leantainneach,noun
neo-mheatailt,noun
neo-mhothachadh,noun
neo-phearsanta,noun
neo-raiseanail,noun
neo-riaghailteach,noun
neo-shàthaichte,noun
neo-shìolach,noun
neo-shuidhichte,noun
neo-speisealta,noun
neo-thalmhaidh,noun
neo-thruaillte,preposition
neochiontach,noun
neònach,adjective
neònach,noun
neoni,noun
neutron,noun
nì,noun
niceal,noun
nigh,verb
nigheadaireachd,noun
nighean,noun
nigheann,noun
nimh,noun
nimheil,adjective
niuclas,noun
niuclasach,noun
nò,noun
nobhail,noun
nochd,noun
nochd,verb
nochdan,noun
nòisean,noun
nota,noun
nota-maise,noun
notaireachd,noun
nuadh,adjective
nuadh-chànain,noun
nuadh-chlasaigeach,noun
nuadh-eòlas,noun
nuadh-innleachd,noun
nuadhachadh,noun
nuadhaich,noun
nuair,preposition
obair,noun
obair,verb
obair-dachaigh,noun
obair-dèanaimh,noun
obair-mheatailt,noun
obair-naidheachd,noun
obair-togail,noun
obairlann,noun
obann,adjective
obrachadh,noun
obraich,verb
ochd-chasach,noun
ochd-cheàrnach,noun
ochd-fillte,noun
ochdamh,noun
odhar,noun
òg,adjective
òg,noun
òganach,noun
ogha,noun
ogsaid,noun
ogsaidean,noun
ogsaideanachadh,noun
ogsaideanaichte,noun
ogsaideant,noun
ogsaidichte,noun
oide,noun
oideachadh,noun
oidhche,noun
oidhirp,noun
oifigear,noun
oifigeil,adjective
oifis,noun
òige,noun
oighre,noun
oighreachd,noun
òigridh,noun
oil,noun
oillt,noun
oillteil,adjective
oilthigh,noun
òinseach,noun
oir,noun
oir,preposition
òirleach,noun
oirthir,noun
oisean,noun
òl,noun
òl,verb
ola,noun
olc,noun
ollamh,noun
onair,noun
onarach,adjective
onarach,noun
onteòlas,noun
òr,noun
òr-bhuidhe,noun
òraid,noun
òraidiche,noun
oraigs,noun
orains,noun
orainsear,noun
òran,noun
orcastra,noun
òrd,noun
òrdag,noun
òrdaich,noun
òrdail,noun
òrdugh,noun
organach,noun
ortaipeadaig,noun
os,preposition
os-cearclach,noun
os-nàdarrachd,noun
os-sgan,noun
osnaich,noun
òson,noun
ospadal,noun
òsta,noun
òstair,noun
othaig,noun
othaisg,noun
paca,noun
pacaid,noun
paidhir,noun
paidirean,noun
pàigh,verb
pàigheadh,noun
pàighte,adjective
pàipear,noun
pàipear,preposition
pàipear-clèithe,noun
pàipear-naidheachd,noun
pàirc,noun
pàirce,noun
pàirt,noun
pàis-dhràma,noun
pàiste,noun
paleo-ainmh-eòlas,noun
paleo-luibh-eòlas,noun
paleo-onteòlas,noun
palindromaig,noun
pàn,noun
pan-phìob,noun
pannal riaghlaidh,noun
para-saidhceòlach,noun
paragraf,noun
parailealogram,noun
paraiste,noun
pàrant,noun
pàrlamaid,noun
pàrras,noun
parsail,noun
partaidh,noun
pàrtaidh,noun
pasgan,noun
pastail,noun
pathadh,noun
pàtran,noun
peacadh,noun
peanas,noun
peanasachadh,noun
peanasaich,verb
peann,noun
peansail,noun
peant,noun
peanta,noun
pearsa,noun
pearsanachadh,noun
pearsanta,adjective
pearsanta,noun
pearsantachd,noun
peata,noun
peathar,noun
peile,noun
peilear,noun
peinnsean,noun
peisteal,noun
petreòlas,noun
peutant,noun
phàrantan,noun
pian,noun
piàna,noun
pictearail,noun
pile,noun
pinnt,noun
pìob,noun
pìobaire,noun
pìobaireachd,noun
piocadh,noun
pioramaid,noun
pìos,noun
pìos-ciùil,noun
piseach,noun
pitse,noun
piullachan,noun
piuthar,noun
plàigh,noun
plana,noun
plana-làir,noun
plana-làraich,noun
planaid,noun
planctan,noun
planntachadh,noun
planntachas,noun
plastaig,noun
plastaigheachd,noun
platinum,noun
platonach,noun
plucan,noun
poblach,noun
poblachd,noun
poca,noun
pòcaid,noun
poidsear,noun
poidsearachd,noun
poidsearachd,verb
poileagan,noun
poileas,noun
poileasaidh,noun
poileasman,noun
poileataigs,noun
poili-neo-shàthaichte,noun
poilifonaidh,noun
poilifonaig,noun
poilitigeach,noun
poilitònalachd,noun
poll,noun
pònair,noun
pongail,adjective
pongail,noun
pontùn,noun
port,noun
port-adhair,noun
port-cruinn,noun
pòs,verb
pòsadh,noun
post,noun
post-dealain,noun
pòsta,adjective
posta,noun
pòsta,noun
practaigeach,noun
prais,noun
pràis,noun
preas,noun
preasach,adjective
prìobhaideach,noun
prìobhaideachd,noun
priogadh,noun
prìomh,adjective
prìomh,noun
prìomh-mhinistear,noun
prìomhachas,noun
prìomhaire,noun
prionnsa,noun
prionnsabal,noun
priont,noun
priontadh,noun
priosam,noun
prìosan,noun
prìosanach,noun
prìs,noun
prìseil,adjective
prò-bheus,noun
pro-bhitheach,noun
probhadh,noun
profaidhl,noun
program,noun
prògramataig,noun
proifeasanta,noun
pròiseact,noun
pròiseas,noun
pròiseil,noun
pronn,verb
pronnadh,noun
prosbaig,noun
pròstanach,noun
pròtacal iomlaid haidhpirteacsa,noun
pròtacal,noun
pròtain,noun
prothaid,noun
protractair,noun
puing,noun
puing-clèithe,noun
puing-deiridh,noun
puing-mapa,noun
puing-tionndaidh,noun
puing-tòiseachaidh,noun
puing-trasnaidh,noun
puingeachadh,noun
puinnsean,noun
puinsean,noun
purgadair,noun
purpaidh,noun
put,verb
puta,noun
putan òrdugh,noun
putan,noun
putan-bruthaidh,noun
putan-menu,noun
rabaid,noun
rabhadh,noun
rabhd,noun
racaid,noun
rach,noun
rach,verb
ràdh,noun
rag,verb
raidhfil,noun
raiseanadh,noun
raiseanail,noun
ràith,noun
ràmh,noun
rànaich,noun
rann,noun
rannsachadh,noun
rannsaich,verb
raon,noun
rapsodaidh,noun
rathad,noun
rè,preposition
reachd,noun
reachdail,noun
reacòrdair,noun
reamhar,adjective
reasabaidh,noun
reat-iomaid,noun
reatoraig,noun
reic,verb
rèidh,adjective
rèidh,noun
rèidh-phleit,noun
rèididheachd,noun
rèididheatar,noun
rèidio,noun
rèir,noun
rèis,noun
rèiste,adverb
rèiteach,noun
rèiteachadh,noun
rèitich,noun
reothadh,noun
reothart,noun
reòthte,noun
reul,noun
reul-bhad,noun
reul-chuairt,noun
reul-eòlaiche,noun
reul-eòlas,noun
reul-iùil,noun
reusanta,adjective
reusanta,noun
ri,preposition
riadh,noun
riaghail,verb
riaghailt,noun
riaghailteach,noun
riaghaltas,noun
riaghladh,noun
rian,noun
rianachail,noun
rianachd,noun
rianaire,noun
riarachadh,noun
riaraich,verb
riaraichte,adjective
ribe,noun
rìgh,noun
rioban,noun
riochd,noun
riochdair,noun
riochdaire,noun
rìoghachd,noun
rionnag,noun
ro,adjective
ro,preposition
ro-cheòl,noun
ro-chlasaigeach,noun
ro-dhreag,noun
ro-eachdraidheil,noun
ro-innis,noun
ro-innleachd,noun
ro-innse,noun
ro-leasachan,noun
ro-sgoil,noun
ro-shealladh,noun
ro-thùs-ghinean,noun
rocaid,noun
ròdium,noun
rogha,noun
roghainn,noun
roghainneachd,noun
roghainneil,noun
roghnaich,verb
roilig,verb
ròilig,verb
roimhe,noun
roimhear,noun
roinn Eòrpa,noun
roinn,noun
roinneadair,noun
roinneadh,noun
roinniche,noun
roinnidheachd,noun
ròiseid,noun
rombas,noun
rong,noun
ròpa,noun
roth-tomhais,noun
rothair,noun
ruadh,adjective
ruadh-dhonn,noun
ruaig,verb
rubair,noun
rubha,noun
rud,noun
rudeigin,noun
rudhadh,noun
rùdhadh,noun
ruidhle,noun
ruig,verb
ruigheachd,noun
ruigsinneachd,noun
rùilear,noun
rùisg,verb
ruith,noun
ruith,verb
ruith-fala,noun
ruitheam,noun
rum,noun
rùm,noun
rùn,noun
rùnaire,noun
sa bhad,noun
sa,preposition
sàbaid,noun
sàbh,noun
sàbhail,noun
sàbhail,verb
sàbhailte,adjective
sàbhailteachd,noun
sabhal,noun
sàcramaid,noun
sad,verb
saideal,noun
saidheanaid,noun
saidheans,noun
saidhleafon,noun
saidhteoplasm,noun
saighdear,noun
saighead,noun
sail,noun
sailleach,noun
saimeant,noun
sàirdseant,noun
sàl,noun
salach,adjective
salaich,verb
salann,noun
sall,noun
sam bith,adverb
samh,noun
sàmhach,adjective
sàmhchair,noun
samhla,noun
samhlachas,noun
samhlaiche,noun
samhradh,noun
san,preposition
sanas,noun
sanntach,adjective
sanntaich,verb
saobh,adjective
saobh-chràbhach,noun
saobh-chreideas,noun
saoghal,noun
saoil,verb
saor,adjective
saor,noun
saor-chluich,noun
saor-chluiche,noun
saor-làithean,noun
saor-ùine,noun
saoranach,noun
saorsainneachd,noun
sàr-bhiadh,noun
sàr-mhath,noun
sàr-mhathas,noun
sàraich,verb
sàs,noun
sàsachadh,noun
sàsaichte,noun
sàth,verb
sàthachd,noun
sàthaichte,noun
seacaid,noun
seach,noun
seach,preposition
seachad,adverb
seachain,verb
seachd-cheàrnach,noun
seachdain,noun
seachdaineach,adjective
seachdaineil,adjective
seachdnar,noun
seachnadh,noun
seachran,noun
seact,noun
seada,noun
seadh,verb
seagh,noun
sealbh,noun
sealbhach,adjective
sealg,noun
sealgair-tionail,noun
seall,noun
seall,verb
sealladh,noun
sealladh,verb
sealladh-àirde,noun
sean,adjective
seanadair,noun
seanailear,noun
seanair,noun
seanfhacal,noun
seangan,noun
seanmhair,noun
seann,adjective
seann,noun
seansar,noun
seantans,noun
seapan,noun
searaidh,noun
searamaig,noun
searbh,noun
searbhag,noun
searbhagach,noun
searbhant,noun
searbhanta,noun
searg,verb
searmon,noun
searmonaich,noun
searmonaiche,noun
seas,verb
seasmhach,noun
seat-sgueathar,noun
seata,noun
seatadh rianachd,noun
seatadh,noun
sèid,verb
seilcheag,noun
seillean,noun
sèimh,noun
sèine,noun
seinn,noun
seinn,verb
seinneadair,noun
seinnse,noun
seirbheis,noun
seis-eòlas,noun
sèist,noun
sèithear,noun
semibrìbh,noun
semicuèbhear,noun
semitòn,noun
seòid,noun
seòl,noun
seòl,verb
seòladair,noun
seòladh,noun
seòladh,verb
seòladh-tillidh,noun
seòlaid,noun
seòlaidh,noun
seòlta,adjective
seòlta,noun
seòmar,noun
seòrsa,noun
seòrsaiche,noun
seotal,noun
serigrafaidh,noun
seud,noun
seudar,noun
seula-eòlas,noun
seusan,noun
sgadan,noun
sgafal,noun
sgàineadh,noun
sgainneal,noun
sgairt,noun
sgalag,noun
sgamhan,noun
sganair,noun
sgannal,noun
sgaoil,verb
sgaoileadh,noun
sgaoilteachd,noun
sgaradh,noun
sgaradh-pòsaidh,noun
sgàrlaid,noun
sgàthan,noun
sgeadachadh,noun
sgeadaich,verb
sgealbag,noun
sgeallag,noun
sgeama,noun
sgeidse,noun
sgeidseadh,noun
sgèile,noun
sgeilp,noun
sgeilp-deighe,noun
sgeith-rionnaig,noun
sgeul,noun
sgeulachd,noun
sgeulaiche,noun
sgiab,verb
sgian,noun
sgiathalaich,verb
sgil,noun
sgileil,adjective
sgileil,noun
sgillinn,noun
sgioba,noun
sgiobair,noun
sgiobalta,noun
sgìre,noun
sgìre-uisge,noun
sgìth,adjective
sgìtheanach,adjective
sgiùrs,verb
sglàib,noun
sglàibeadair,noun
sgleog,noun
sglongaid,noun
sgòd,noun
sgoil,noun
sgoil-àraich,noun
sgoilear,noun
sgòr,noun
sgòr-orcastra,noun
sgòth,noun
sgreataidh,adjective
sgreuch,verb
sgrìn,noun
sgrìobach,noun
sgriobh,verb
sgrìobh,verb
sgrìobhadair,noun
sgrìobhadh,noun
sgrìobhainn,noun
sgrìobhte,adjective
sgrion,noun
sgrios,verb
sgriubha,noun
sgriubhaire,noun
sgriutha,noun
sgrùd,noun
sgrudadh,noun
sgrùdadh,noun
sguab,verb
sguad,noun
sguatair,noun
sgudail,noun
sgudal,noun
sgudal-d,noun
sgudalair-d,noun
sgùil,noun
sguir,noun
sguir,verb
sia-cheàrnach,noun
siar,adjective
sìde,noun
sìde-eòlas,noun
sil,verb
sileacon,noun
similear,noun
sìmplidh,noun
sìmplidheachd,noun
sìn,noun
sìn,verb
sinc,noun
singilte,noun
sinnsireil,adjective
sinteataig,noun
sìobhalta,adjective
siocamor,noun
sìochantas,noun
siog,noun
siogachd,noun
sìol,noun
sìol-peasrach,noun
siolandair,noun
siomfonaidh,noun
sìon,noun
sionnach,noun
sìor-ghorm,noun
siorc,noun
siorcònium,noun
siorrachd,noun
siorraidh,noun
sìos,adverb
siostam,noun
siota,noun
sir,verb
sìth,noun
sìthean,noun
sìtheil,adjective
siubhal,noun
siubhlach,noun
siùcar,noun
slabhraidh,noun
slaighd,noun
slaightear,noun
slàinte,noun
slàinteil,noun
slàn,adjective
slàn,noun
slànaighear,noun
slaod,verb
slaodach,adjective
slat,noun
slat-tomhais,noun
sleamhainn,adjective
sleamhainn,noun
slige,noun
slighe,noun
slighe-trafaig,noun
slighe-uisge,noun
sligheadaireachd,noun
sloc,noun
sloinneadh,noun
sloinntearachd,noun
sluagh,noun
slugan,noun
sluig,verb
slùp,noun
smachd,noun
smal,noun
smaoin,noun
smaoineachadh,verb
smaoinich,noun
smaoinich,verb
smeòrach,noun
smeur,noun
smid,noun
smiorail,adjective
smocaig,verb
smuain,noun
snaigheadaireachd,noun
snaigheadh,noun
snaighte,noun
snàithlean,noun
snàmh,noun
snàmh,verb
snasail,adjective
sneachd,noun
sneachda,noun
snìomhan,noun
snodha,noun
so-luchdaichte,noun
so-roinnte,noun
so-sgaoilte,noun
soar,noun
socaid,noun
socair,adjective
socair,noun
sochair,noun
socraich,verb
sodalachd,noun
sofa,noun
sòfa,noun
soidhne @,noun
soidhne,noun
soilleir,adjective
soilleir,noun
soilleireachadh,noun
soilleireachadh,verb
soilleirich,verb
soillseachadh,noun
soirbh,adjective
soirbh,noun
soirbheachail,noun
soirbheas,noun
soirbhich,verb
sòisealachd,noun
sòisealta,noun
soiseòlas,noun
soisgeul,noun
soisgeulach,noun
soisgeulaiche,noun
soitheach,noun
sòlaimte,adjective
solar,noun
solaraiche ruigheachd eadar-lìn,noun
solaraiche,noun
solas,noun
sòlas,noun
sòlasach,adjective
son,noun
sona,adjective
sona,noun
sonas,noun
sònraich,noun
sònraichte,adjective
sònraichte,noun
sòrnan-dealain,noun
spaideil,adjective
spàin,noun
spàirn,noun
spàrr,noun
speactram,noun
speal,verb
spearrach,noun
spèileabord,noun
spèileadh,noun
spèis,noun
speisealta,noun
speuclair,noun
spìon,verb
spioradail,noun
spòg,noun
sporan,noun
spòrs,noun
spòrsail,noun
spot,noun
sprèidh,noun
sprèidheadh,noun
spreòd,noun
spùill,verb
spùinneadair-mara,noun
sràbh,noun
sràid,noun
srann,noun
srath,noun
sreang,noun
sreath,noun
srian,noun
srònach,noun
sruth-chruthachd,noun
sruthail,noun
sruthan,noun
stad,noun
stad,verb
stad-chloc,noun
stad-uaireadair,noun
staid,noun
staidhre,noun
stàilinn,noun
staing,noun
stàit,noun
staitistig,noun
stalc,noun
stamag,noun
staoin,noun
steach-chur,noun
steach-ghluais,noun
stealladh,noun
steallair,noun
stèidh,noun
stèidh,verb
steigeach,noun
stèisean,noun
stiall,noun
stiogma,noun
stiùireadair,noun
stiùireadh,noun
stiùiriche-ciùil,noun
stòbha,noun
stocadh,noun
stocainn,noun
stoidhle,noun
stoirm,noun
stoirm-ghainmhich,noun
stòl,noun
stòlda,adjective
stòr,noun
stòr-dàta,noun
stòraidh,noun
stràc,noun
stratospeur,noun
strì,noun
strìoch,noun
stròc,noun
structar,noun
stùr,noun
stuth,noun
stuth-gealachaidh,noun
stuth-sgaoilidh,noun
stuth-spreadhaidh,noun
stuth-sùighteach,noun
suaicheantas,noun
suairce,adjective
suarach,adjective
suas,adverb
suath,noun
subhach,adjective
sùgrach,adjective
suidh,verb
suidhe,noun
suidheachadh,noun
suidhich,verb
suidhichte,noun
sùigh,noun
sùil,noun
suilbhir,adjective
suim,noun
sùim,noun
suirghe,noun
suirghe,verb
sulfar,noun
sunnd,noun
sunndach,adjective
sunndach,noun
susbaint,noun
t-sgueathar,noun
tabhann,noun
tabhartach,noun
tabhartas,noun
tac,noun
taca,noun
tachair,verb
tachartas,noun
tadhail,verb
taga,noun
tagh,noun
tagh,verb
taghadh,noun
taghta,noun
tagradh,noun
tagraiche,noun
taibhs,noun
taic,noun
taic-ionnsachaidh,noun
taice,noun
taidhcùn,noun
taigh,noun
taigh-solais,noun
taigh-tasgaidh,noun
taigheadas,noun
tàileasg,noun
tàillear,noun
taing,noun
taingeil,adjective
tàir,noun
tàir,verb
tàireil,adjective
tairg,verb
tàirneanach,noun
taisbean,noun
taisbeanadh,noun
taisbeanadh-slaighd,noun
taisbeanair,noun
taisg,noun
taisg,verb
taitneach,noun
talamh,noun
tàlant,noun
talla,noun
tallan,noun
tàmailt,noun
tàmailteach,noun
tàmh,noun
tana,adjective
tansaint,noun
taobh,noun
taobhach,noun
taobhadh,noun
taois,noun
taoitear,noun
tapaidh,adjective
tar-churraicealam,noun
tar-dhealbh,noun
tar-ghearradh,noun
tar-iomadachadh,noun
tar-iomadaich,noun
tàr-ionnsachaidh,noun
tar-laigh,noun
tar-sgàile,noun
tar-shìneadh,noun
tarchaiseach,noun
targaid,noun
tàrr,verb
tarraing,noun
tarraing,verb
tarraingeach,adjective
tarraingeach,noun
tarsainn,adverb
tarsainn,preposition
tartan,noun
tasgadh,noun
tasglann,noun
tastan,noun
tatù,noun
tè,noun
teachd,noun
teachdail,noun
teacsa,noun
teagaisg,verb
teagamh,noun
teagasg,noun
teagasgail,noun
teaghlach,noun
teagmhach,adjective
teagmhach,noun
teamplaid,noun
teanamaint,noun
teanas,noun
teanga,noun
teangaich,verb
teann,adjective
teann,noun
teannachd,noun
teanta,noun
tèarainte,noun
tearc,noun
tearmach,noun
teàrnach,noun
teàrnadh,noun
teàrr,noun
teas,noun
teas-dhìon,noun
teas-mheidh,noun
teasniuclasach,noun
teatha,noun
teich,noun
teich,verb
teicneòlaiche,noun
teicneòlas,noun
teicnigeachd,noun
teilidh,noun
teine,noun
teist,noun
teisteanas,noun
tele-chonaltradh,noun
tele-eòlasach,noun
telebhisean,noun
teòiridh,noun
teòma,adjective
teoram,noun
teòthachd,noun
teth,adjective
teth,noun
thairis,adverb
thall,adverb
the,noun
theab,verb
thig,verb
thoir,verb
thoir-air-falbh,noun
tiamhaidh,noun
tìde,noun
tidsear,noun
tighead,noun
tighearna,noun
tighinn,verb
tilg,verb
till,noun
till,verb
tìm,noun
tìm-òrdugh,noun
timcheall,adverb
timcheall,noun
timcheall,preposition
tinn,adjective
tinneas,noun
tiodhlac,noun
tìodhlacadh,noun
tiodhlaic,verb
tiomnadh,noun
tionndadh,noun
tionndaidh,noun
tionndaidh,verb
tionnsgal,noun
tioram,adjective
tiorm,noun
tiormaich,verb
tiota,noun
tiotadh,noun
tiotal,noun
tìr,noun
tìreachas,noun
tiùb-deuchainn,noun
tiugh,adjective
tiugh,noun
tiùna,noun
tiùrr,noun
tlachd,noun
tlachdmhor,adjective
tlachdmhor,noun
tobhaig,verb
tobhta,noun
todhar,noun
tog,verb
togalach,noun
toil,noun
toilichte,adjective
toilichte,noun
toill,verb
tòimhseachan,noun
tòimhseachan-tarsainn,noun
toinn,verb
toinnte,noun
tòir,noun
toirmisgte,noun
toirpìodo,noun
toiseach,noun
tòiseachadh,noun
tòisich,verb
toitean,noun
toll,noun
toll-dubh,noun
toll-èadhair,noun
tomad,noun
tombaca,noun
tomhais,noun
tomhais,verb
tomhas,noun
tomhas-lìonaidh,noun
tòna,noun
tonn,noun
tonn-fhad,noun
topeòlas,noun
toradh,noun
torman,noun
tòrr,noun
torrachadh,noun
tòrradh,noun
tost,noun
trafaig,noun
traidiseantalachd,noun
traigh,noun
tràigh,noun
tràill,noun
tràille,noun
tràilleachd,noun
tràillealachd,noun
tramp,noun
trang,adjective
trang,noun
trannsa,noun
trapesium,noun
trasnadh,noun
trast-thomhas,noun
trastan,noun
tràth,adjective
tràth,noun
tràth-ìrean,noun
tràth-oideachaidh,noun
tràth-thaic,noun
tràthail,adjective
trealaich,noun
trèana,noun
trèanadh,noun
trèig,noun
trèig,verb
treòir,noun
treòir-nota,noun
treòrachadh,noun
treòraich,verb
trèoraiche,noun
treubh,noun
treud,noun
trì-sheallach,noun
trì-theirmeach,noun
tric,adjective
tric,noun
tricead,noun
trìd-dheàlrach,noun
trìd-dhoilleir,noun
trìd-shoilleireachd,noun
trioblaid,noun
trìtheamh,noun
triùir,noun
tro,preposition
trobhad,verb
tròcair,noun
troid,verb
troigh,noun
troimhe-chèile,noun
trom,adjective
trom,noun
trom-laidhe,noun
tropaig,noun
tropaigeach,noun
truaghan,noun
truaighe,noun
truaill,verb
truaillte,adjective
truas,noun
truisich,verb
trustar,noun
tuaineal,noun
tuainealaich,noun
tuaireamach,noun
tuairisgeul,noun
tuairmse,noun
tuairmseach,noun
tuar,noun
tuarastal,noun
tuath,noun
tuathal,noun
tuathanach,noun
tuathanachas,noun
tuathanas,noun
tubaist,noun
tughadh,noun
tuig,verb
tuigse,noun
tuigseach,adjective
tuigseach,noun
tuilleadh,adverb
tuilleadh,noun
tuirc-ghorm,noun
tuireadh,noun
tuiseal,noun
tuit,verb
tuiteamas,noun
tuna,noun
tunail,noun
tùr,noun
turas,noun
turasachd,noun
turchairt,noun
tùrsach,adjective
turtar,noun
tùs,noun
tùs-ghinean,noun
tùs-sheòrsa,noun
tùsach,noun
tùsail,adjective
tùsanach,noun
uabhann,noun
uabhas,noun
uabhasach,adjective
uabhasach,noun
uachdar,noun
uachdaran,noun
uachdranas,noun
uaigh,noun
uaigneach,adjective
uaim,noun
uaine,adjective
uair,noun
uaireadair,noun
uaireigin,adverb
ualabaidh,noun
uallach,noun
uamh,noun
uasal,adjective
uasal,noun
uat,noun
uchd,noun
uèir,noun
ugh,noun
ugh-chruth,noun
ughachadh,noun
ùghdar,noun
ùghdarras,noun
ughlann,noun
ùidh,noun
uidhe,noun
uidheam,noun
uidheamachd,noun
uile-chumhachd,noun
uile-dheatachadh,noun
uile-dheataich,noun
uile-fhiosrach,noun
uile-itheadair,noun
uile-làthaireachd,noun
uileann,noun
uilebheist,noun
ùine,noun
uinneag,noun
ùir,noun
uiread,noun
uireasbhach,adjective
uirsgeul,noun
uisge,noun
uisge-thuar,noun
uisge-thuaradh,noun
ullachadh,noun
ullaich,verb
ullaichte,noun
ultra-bhìolait,noun
umha,noun
umhail,adjective
unnsa,noun
ùnnsa,noun
ùpraid,noun
ùr,adjective
ùr,noun
ùrachadh,noun
ùraich,noun
ùraichte,noun
urchair,noun
ùrlar,noun
ùrnaigh,noun
ùrnaigh,verb
urra,noun
urrainn,noun
urram,noun
urramach,adjective
urramach,noun
urras,noun
ursainn,noun
utilitarianachd,noun
