 "4","Achd Fiadh-bheatha agus Dùthcha","f","a","Wildlife and Countryside Act",,
 "4","Achd Fiadh-bheatha ’s Dùthcha na Rìoghachd Aonaichte","f","a","UK Wildlife and Countryside Act",,
 "4","Achd Glèidhteachais","f","a","Conservation Act",,
 "4","Achd Glèidhteachais Nàdair","f","a","Nature Conservation Act",,
 "4","Alba","f","a","Scotland",,
 "4","Albannach",,"a","Scottish",,
 "4","Am Faoilleach","m","a","January",,
 "4","Am Faoilteach","m","a","January",,
 "4","Am Màrt","m","a","March",,
 "4","Am Mìos Buidhe","m","a","July",,
 "4","Am Mìos Dubh","m","a","November",,
 "4","An Cuan Atlantaig","m","a","Atlantic Ocean",,
 "4","An Cuan Siar","m","a","Atlantic Ocean",,
 "4","An Cèitean","m","a","May",,
 "4","An Dàmhair","f","a","October",,
 "4","An Dùbhlachd","f","a","December",,
 "4","An Dùdlachd","f","a","December",,
 "4","An Gearran","m","a","February",,
 "4","An Giblean","m","a","April",,
 "4","An Lùnastal","m","a","August",,
 "4","An t-Iuchar","m","a","July",,
 "4","An t-Samhain","f","a","November",,
 "4","An t-Sultain","f","a","September",,
 "4","An t-Ògmhios","m","a","June",,
 "4","Blechnum spicant","f","a","hard-fern",,
 "4","Buidheann Dìon Àrainneachd na h-Alba",,"a","SEPA",,
 "4","Buidheann Dìon Àrainneachd na h-Alba",,"a","Scottish Environment Protection Agency",,
 "4","Bòrd Iasgaich an Spè","m","a","Spey Fishery Board",,
 "4","Caidreachas Croitearachd na h-Alba",,"a","SCF",,
 "4","Caidreachas Croitearachd na h-Alba",,"a","Scottish Crofting Federation",,
 "4","Ceterach officinarum","f","a","rustyback",,
 "4","Coimisean na Coilltearachd Alba","m","a","Forestry Commission Scotland",,
 "4","Coimisean na Croitearachd","m","a","Crofting Commission",,
 "4","Coimisean na Roinn Eòrpa","m","a","European Commission",,
 "4","Colaiste Àiteachais na h-Alba","f","a","Scottish Agricultural College",,
 "4","Comann Rìoghail Dìon nan Eun","m","a","RSPB",,
 "4","Comann Rìoghail Dìon nan Eun","m","a","The Royal Society for the Protection of Birds",,
 "4","Còd Faire Fiadh-bheatha Mara na h-Alba","m","a","Scottish Marine Wildlife Watching Code",,
 "4","Còd Slighean Dùthchail na h-Alba","m","a","Scottish Outdoor Access Code",,
 "4","Dualchas Nàdair na h-Alba","m","a","Scottish Natural Heritage (SNH)",,
 "4","Fear na Fèill Pàdruig","m","a","Saxicola torquata",,
 "4","Fear na Fèill Pàdruig","m","a","stonechat",,
 "4","Ionad de Shuim Shònraichte Shaidheansail (ISSS)","m","a","SSSI",,
 "4","Ionad de Shuim Shònraichte Shaidheansail (ISSS)","m","a","Site of Special Scientific Interest",,
 "4","Linn na Deighe",,"a","Ice Age",,
 "4","Pàirc Nàiseanta","f","a","National Park",,
 "4","Roinn Dìon Mara","f","a","MPA",,
 "4","Roinn Dìon Mara","f","a","Marine Protected Area",,
 "4","Roinn Dìon Shònraichte","f","a","Special Protection Area",,
 "4","Roinn Seallaidheach Nàiseanta","f","a","National Scenic Area",,
 "4","Roinn Sònraichte Ghlèidhteachais","f","a","Special Area of Conservation",,
 "4","Seirbheisean Àrainneachd agus Dùthchail na h-Alba","f","a","SEARS",,
 "4","Seirbheisean Àrainneachd agus Dùthchail na h-Alba","f","a","Scottish Environmental and Rural Services",,
 "4","Stiùireadh Riaghladh Àrainn an Traoin","m","a","Guide to Habitat Management for Corncrakes",,
 "4","Tèarmann Nàdair Nàiseanta","m","a","National Nature Reserve (NNR)",,
 "4","Urras Dualchais Eilean Eige","m","a","Eigg Heritage Trust",,
 "4","Urras Fiadh-bheatha na h-Alba",,"a","SWT",,
 "4","Urras Fiadh-bheatha na h-Alba",,"a","Scottish Wildlife Trust",,
 "4","Urras Nàiseanta na h-Alba","m","a","National Trust for Scotland",,
 "4","Urras nan Coilltean","m","a","Woodland Trust",,
 "4","a' bagairt",,"a","threatening",,
 "4","a' briodachadh",,"a","breeding",,
 "4","a' briodachadh",,"a","mating",,
 "4","a' briodadh",,"a","breeding",,
 "4","a' briodadh",,"a","mating",,
 "4","a' dol à bith",,"a","facing extinction",,
 "4","a' gintinn",,"a","breeding",,
 "4","a' soirbheachadh",,"a","thriving",,
 "4","a' tarraing",,"a","attracting",,
 "4","a' tàladh",,"a","attracting",,
 "4","abhainn","f","a","river",,
 "4","abhainn-deighe","f","a","glacier",,
 "4","adag","f","a","Melanogrammus aeglefinus",,
 "4","adag","f","a","haddock",,
 "4","adharc-bhrèin chumanta","f","a","Phallus impudicus",,
 "4","adharc-bhrèin chumanta","f","a","common stinkhorn",,
 "4","adharcan-luachrach","m","a","Vanellus vanellus",,
 "4","adharcan-luachrach","m","a","lapwing",,
 "4","agaraig cuileig","f","a","Amanita muscaria",,
 "4","agaraig cuileig","f","a","fly agaric",,
 "4","agh-fèidh","f","a","Cervus elaphus",,
 "4","agh-fèidh","f","a","red deer (female)",,
 "4","ailbean","m","a","eelgrass",,
 "4","ailbean","m","a","zostera marina",,
 "4","ailean donn","m","a","Maniola jurtina",,
 "4","ailean donn","m","a","meadow brown butterfly",,
 "4","ailm","f","a","Ulmus spp.",,
 "4","ailm","f","a","elm",,
 "4","ainle","f","a","Aphididae (Family) spp.",,
 "4","ainle","f","a","greenfly",,
 "4","ainleag-dhubh","f","a","Apus apus",,
 "4","ainleag-dhubh","f","a","swift",,
 "4","ainmhidh","m","a","animal",,
 "4","aiteann","m","a","Juniperus communis",,
 "4","aiteann","m","a","juniper",,
 "4","algach","f","a","Eukaryota spp.",,
 "4","algach","f","a","algae",,
 "4","algach","f","a","algal",,
 "4","algaich","f","a","Eukaryota spp.",,
 "4","algaich","f","a","algae",,
 "4","algaich","f","a","algal",,
 "4","allaidh",,"a","wild",,
 "4","allt","m","a","river",,
 "4","amadan-Bealltainn","m","a","Numenius phaeopus",,
 "4","amadan-Bealltainn","m","a","whimbrel",,
 "4","amadan-mòintich","m","a","Charadrius morinellus",,
 "4","amadan-mòintich","m","a","dotterel",,
 "4","amanita sneachda","m","a","Amanita nivalis",,
 "4","amanita sneachda","m","a","snowbed amanita",,
 "4","amhlag mhara","f","a","Hydrobates pelagicus",,
 "4","amhlag mhara","f","a","storm petrel",,
 "4","an t-umhach beag","m","a","Lycaena phlaeas",,
 "4","an t-umhach beag","m","a","small copper butterfly",,
 "4","anamoin bàn badanach","m","a","Parazoanthus anguicomus",,
 "4","anamoin bàn badanach","m","a","white cluster anemone",,
 "4","anemone cladhaich","m","a","Cerianthus lloydii",,
 "4","anemone cladhaich","m","a","burrowing anemone",,
 "4","anemone drìlseanach","m","a","Pachycerianthus multiplicatus",,
 "4","anemone drìlseanach","m","a","fireworks anemone",,
 "4","anemone tiùba","m","a","tube anemone",,
 "4","annasach",,"a","rare",,
 "4","aonsgoch","m","a","Ranunculus ficaria",,
 "4","aonsgoch","m","a","celandine",,
 "4","argas Albannach","m","a","Erebia aethiops",,
 "4","argas Albannach","m","a","Scotch Argus butterfly",,
 "4","argas donn tuathach","m","a","Aricia artaxerxes",,
 "4","argas donn tuathach","m","a","Northern Brown Argus butterfly",,
 "4","ath-bheothachadh","m","a","recovery",,
 "4","ath-nuadhachail",,"a","renewable",,
 "4","atharrachadh gnàth-shìde","m","a","climate change",,
 "4","atharrachadh sìde","m","a","climate change",,
 "4","a’ Mhàigh","f","a","May",,
 "4","a’ dol am feabhas",,"a","recovery",,
 "4","balg-losgainn Hart","m","a","Elaphomyces granulatus",,
 "4","balg-losgainn Hart","m","a","harts truffle",,
 "4","balg-losgainn Sealain Nuadh","m","a","New Zealand truffle",,
 "4","balg-losgainn Sealain Nuadh","m","a","Paurocotylis pila",,
 "4","balgan ceann-phinc","m","a","Hygrocybe calyptriformis",,
 "4","balgan ceann-phinc","m","a","pink ballerina",,
 "4","balgan ceann-phinc","m","a","pink meadow-cap",,
 "4","balgan-buachair","m","a","mushroom",,
 "4","balgan-buachair cupa-cèireach","m","a","Hygrocybe",,
 "4","balgan-buachair cupa-cèireach","m","a","waxcap mushroom",,
 "4","ball-osaig cas-gheal","m","a","Tulostoma niveum",,
 "4","ball-osaig cas-gheal","m","a","white stalk puffball",,
 "4","basgaid poilein","f","a","pollen basket (of a bee)",,
 "4","beachlann","f","a","beehive",,
 "4","bealaidh","m","a","Cytisus scoparius",,
 "4","bealaidh","m","a","broom",,
 "4","bealaidh Frangach","m","a","laburnum",,
 "4","bealaidh Sasannach","m","a","laburnum",,
 "4","beathach","m","a","animal",,
 "4","beathachadh","m","a","nutrient",,
 "4","beinn","f","a","mountain",,
 "4","beith","f","a","Betula spp.",,
 "4","beith","f","a","birch",,
 "4","beul-binn","m","a","Luscinia megarhynchos",,
 "4","beul-binn","m","a","nightingale",,
 "4","beàrnan-Brìde","m","a","Taraxacum officinale agg.",,
 "4","beàrnan-Brìde","m","a","dandelion",,
 "4","biast-dhubh","f","a","Lutra lutra",,
 "4","biast-dhubh","f","a","otter",,
 "4","biastag","f","a","insect",,
 "4","bile-bhuidhe","f","a","Glebionis segetum",,
 "4","bile-bhuidhe","f","a","corn marigold",,
 "4","bilearach","m","a","eelgrass",,
 "4","bilearach","m","a","zostera marina",,
 "4","biorach","f","a","Scyliorhinus canicula",,
 "4","biorach","f","a","dogfish",,
 "4","biorra-crùidein","m","a","Alcedo atthis",,
 "4","biorra-crùidein","m","a","kingfisher",,
 "4","bith-chonnadh","m","a","biofuel",,
 "4","bith-eòlas","m","a","biology",,
 "4","bith-iomadachd","f","a","biodiversity",,
 "4","bleitheadh",,"a","erosion",,
 "4","bliochan","m","a","Narthecium ossifragum",,
 "4","bliochan","m","a","asphodel",,
 "4","bliochan Albannach","m","a","Scottish asphodel",,
 "4","bliochan Albannach","m","a","Tofieldia pusilla",,
 "4","blàth an t-seilich","m","a","willow catkins",,
 "4","boc","m","a","Cervidae spp.",,
 "4","boc","m","a","buck",,
 "4","boc-earba","m","a","Capreolus capreolus",,
 "4","boc-earba","m","a","roe buck",,
 "4","bodach nan claigeann",,"a","yellow-rattle",,
 "4","bodach oidhche","m","a","Strix aluco",,
 "4","bodach oidhche","m","a","tawny owl (male)",,
 "4","bodach ruadh","m","a","Gadus morhua",,
 "4","bodach ruadh","m","a","cod",,
 "4","bodhag","f","a","Actitis hypoleucos",,
 "4","bodhag","f","a","common sandpiper",,
 "4","bogha","m","a","reef",,
 "4","bogha","m","a","submerged rock",,
 "4","boinneag-shneachda","f","a","Galanthus",,
 "4","boinneag-shneachda","f","a","snowdrop",,
 "4","boiteag","f","a","Eumetazoa spp.",,
 "4","boiteag","f","a","worm",,
 "4","boiteag shlaodach","f","a","Anguis fragilis",,
 "4","boiteag shlaodach","f","a","slow-worm",,
 "4","bothag","f","a","ringed plover",,
 "4","bradan","m","a","Atlantic salmon",,
 "4","bradan","m","a","Salmo salar",,
 "4","braoileag","f","a","Vaccinium myrtillus",,
 "4","braoileag","f","a","bilberry",,
 "4","bratag","f","a","Lepidoptera spp.",,
 "4","bratag","f","a","caterpillar",,
 "4","breabadair","m","a","Tipulidae spp.",,
 "4","breabadair","m","a","cranefly",,
 "4","breabadair","m","a","daddy-long-legs",,
 "4","breac","m","a","Salmo trutta",,
 "4","breac","m","a","trout",,
 "4","breac-an-t-sìl","m","a","Motacilla alba",,
 "4","breac-an-t-sìl","m","a","pied wagtail",,
 "4","breacan an uillt","m","a","Motacilla cinerea",,
 "4","breacan an uillt","m","a","grey wagtail",,
 "4","breacan baintighearna","m","a","Motacilla cinerea",,
 "4","breacan baintighearna","m","a","grey wagtail",,
 "4","breacan buidhe","m","a","Motacilla flava",,
 "4","breacan buidhe","m","a","yellow wagtail",,
 "4","breacan glas","m","a","Ficedula hypoleuca",,
 "4","breacan glas","m","a","pied flycatcher",,
 "4","breacan sgiobalt","m","a","Muscicapa striata",,
 "4","breacan sgiobalt","m","a","spotted flycatcher",,
 "4","breacan-beithe","m","a","Fringilla coelebs",,
 "4","breacan-beithe","m","a","chaffinch",,
 "4","brobhadan","m","a","Orthoptera spp.",,
 "4","brobhadan","m","a","grasshopper",,
 "4","broc","m","a","Meles meles",,
 "4","broc","m","a","badger",,
 "4","broc-lann","f","a","badger’s sett",,
 "4","broilleach-bothan","f","a","Gavia arctica",,
 "4","broilleach-bothan","f","a","black-throated diver",,
 "4","bruach","f","a","river bank",,
 "4","brèid air tòin","f","a","hen harrier",,
 "4","bròg na cuthaige","f","a","bluebell / harebell",,
 "4","brù-bhreac Lochlannach","f","a","Norwegian specklebelly",,
 "4","brù-bhreac Lochlannach","f","a","Pseudocyphellaria norvegica",,
 "4","brù-dhearg","m","a","Erithacus rubecula",,
 "4","brù-dhearg","m","a","robin",,
 "4","brù-gheal","m","a","Oenanthe oenanthe",,
 "4","brù-gheal","m","a","wheatear",,
 "4","buathan","m","a","Botaurus stellaris",,
 "4","buathan","m","a","bittern",,
 "4","buidhe",,"a","yellow (colour)",,
 "4","buidheag","f","a","Carduelis carduelis",,
 "4","buidheag","f","a","goldfinch",,
 "4","buidheag an t-samhraidh","f","a","Ranunculus spp.",,
 "4","buidheag an t-samhraidh","f","a","buttercup",,
 "4","buidheag-bhealaidh","f","a","Emberiza citrinella",,
 "4","buidheag-bhealaidh","f","a","yellowhammer",,
 "4","buidhean-coille","m","a","Pyrrhula pyrrhula",,
 "4","buidhean-coille","m","a","bullfinch",,
 "4","buidhleis","f","a","goby",,
 "4","burras","m","a","Lepidoptera spp.",,
 "4","burras","m","a","caterpillar",,
 "4","buthag","f","a","Tursiops truncatus",,
 "4","buthag","f","a","bottlenose dolphin",,
 "4","buthaid","f","a","Fratercula arctica",,
 "4","buthaid","f","a","puffin",,
 "4","buthaigre","f","a","Fratercula arctica",,
 "4","buthaigre","f","a","puffin",,
 "4","bàirneach","f","a","limpet",,
 "4","bàrr claigeannach","m","a","bellflower",,
 "4","bìobhair","m","a","beaver",,
 "4","bùrn","m","a","water",,
 "4","caclach","m","a","Stercorarius parasiticus",,
 "4","caclach","m","a","arctic skua",,
 "4","cadal a' gheamhraidh","m","a","hibernation",,
 "4","cailleach bheag an earbaill","f","a","Aegithalos caudatus",,
 "4","cailleach bheag an earbaill","f","a","long tailed tit",,
 "4","cailleach ghorm","f","a","Cyanistes caeruleus",,
 "4","cailleach ghorm","f","a","blue tit",,
 "4","cailleach oidhche","f","a","Strix aluco",,
 "4","cailleach oidhche","f","a","tawny owl (female)",,
 "4","cailleach-oidhche mhòr","f","a","Bubo bubo",,
 "4","cailleach-oidhche mhòr","f","a","eagle owl",,
 "4","cailleachag cheann-gorm","f","a","Cyanistes caeruleus",,
 "4","cailleachag cheann-gorm","f","a","blue tit",,
 "4","cailleachag-chìreach","f","a","Lophophanes cristatus",,
 "4","cailleachag-chìreach","f","a","crested tit",,
 "4","cairgean","m","a","Chondrus crispus",,
 "4","cairgean","m","a","carrageen",,
 "4","cairgean","m","a","irish moss",,
 "4","callaid",,"a","hedgerow",,
 "4","calltag","f","a","Cepphus grylle",,
 "4","calltag","f","a","black guillemot",,
 "4","calltainn","m","a","Corylus avellana",,
 "4","calltainn","m","a","hazel",,
 "4","calman","m","a","Columbidae spp.",,
 "4","calman","m","a","dove",,
 "4","calman-coille","m","a","Columba palumbus",,
 "4","calman-coille","m","a","wood pigeon",,
 "4","cam glas","f","a","Tringa totanus",,
 "4","cam glas","f","a","redshank",,
 "4","cam-ghob","m","a","Loxia curvirostra",,
 "4","cam-ghob","m","a","crossbill",,
 "4","cana","m","a","Phocoena phocoena",,
 "4","cana","m","a","common porpoise",,
 "4","canach","m","a","Eriophorum spp.",,
 "4","canach","m","a","bog cotton",,
 "4","caorag lèana","f","a","Lychnis flos-cuculi",,
 "4","caorag lèana","f","a","ragged robin",,
 "4","caorann","m","a","Sorbus aucuparia",,
 "4","caorann","m","a","rowan",,
 "4","capall-coille","m","a","Tetrao urogallus",,
 "4","capall-coille","m","a","capercaillie",,
 "4","carbon","m","a","carbon",,
 "4","carran","m","a","Decapoda spp.",,
 "4","carran","m","a","shrimp",,
 "4","casragainn","f","a","Calystegia spp.",,
 "4","casragainn","f","a","bindweed",,
 "4","cat-fiadhaich","m","a","Felis silvestris",,
 "4","cat-fiadhaich","m","a","wildcat",,
 "4","cathag","f","a","Corvus monedula",,
 "4","cathag","f","a","jackdaw",,
 "4","cathag dhearg-chasach","f","a","Pyrrhocorax pyrrhocorax",,
 "4","cathag dhearg-chasach","f","a","chough",,
 "4","cathag nan casan dearg","f","a","Pyrrhocorax pyrrhocorax",,
 "4","cathag nan casan dearg","f","a","chough",,
 "4","cathan","m","a","Branta leucopsis",,
 "4","cathan","m","a","barnacle goose",,
 "4","ceann dearg","m","a","redstart",,
 "4","ceann-dubh","m","a","Sylvia atricapilla",,
 "4","ceann-dubh","m","a","blackcap",,
 "4","ceann-dubhag","f","a","Sylvia atricapilla",,
 "4","ceann-dubhag","f","a","blackcap",,
 "4","ceann-dubhan","m","a","Larus ridibundus",,
 "4","ceann-dubhan","m","a","black-headed gull",,
 "4","ceann-phollan","m","a","tadpole",,
 "4","ceann-ruadh","m","a","Ranunculus ficaria",,
 "4","ceann-ruadh","m","a","celandine",,
 "4","ceapan-cèire","m","a","waxcap",,
 "4","cearban","m","a","Cetorhinus maximus",,
 "4","cearban","m","a","basking shark",,
 "4","cearc Fhrangach","f","a","turkey",,
 "4","cearc-coille","f","a","Scolopax rusticola",,
 "4","cearc-coille","f","a","woodcock (female)",,
 "4","cearc-fhraoich","f","a","Lagopus lagopus",,
 "4","cearc-fhraoich","f","a","red grouse (female)",,
 "4","cearc-thomain","f","a","Perdix perdix",,
 "4","cearc-thomain","f","a","grey partridge",,
 "4","cearc-uisge","f","a","Gallinula chloropus",,
 "4","cearc-uisge","f","a","moorhen",,
 "4","cearra-ghob","m","a","Limosa limosa",,
 "4","cearra-ghob","m","a","black-tailed godwit",,
 "4","ceileiriche","m","a","Locustella naevia",,
 "4","ceileiriche","m","a","grasshopper warbler",,
 "4","ceileiriche-coille","m","a","Phylloscopus sibilatrix",,
 "4","ceileiriche-coille","m","a","wood warbler",,
 "4","ceileiriche-gàraidh","m","a","Sylvia borin",,
 "4","ceileiriche-gàraidh","m","a","garden warbler",,
 "4","ceilp","f","a","kelp",,
 "4","ceud-chasach","m","a","Chilopoda spp.",,
 "4","ceud-chasach","m","a","centipede",,
 "4","ceàrd-dubhan","m","a","Aphodius lapponum",,
 "4","ceàrd-dubhan","m","a","Northern dung beetle",,
 "4","ceàrnan","m","a","Dictyoptera spp.",,
 "4","ceàrnan","m","a","cockroach",,
 "4","ceàrra-ghob","m","a","Recurvirostra avosetta",,
 "4","ceàrra-ghob","m","a","avocet",,
 "4","ceòlan-cuilc","m","a","Acrocephalus scirpaceus",,
 "4","ceòlan-cuilc","m","a","reed warbler",,
 "4","clab-dhubh","m","a","Modiolus modiolus",,
 "4","clab-dhubh","m","a","horse mussel",,
 "4","clach-aoil","f","a","limestone",,
 "4","clach-bhriseach",,"a","saxifrage",,
 "4","clach-eòlas","m","a","geology",,
 "4","clach-raineach","f","a","polypody",,
 "4","clach-raineach chaol","f","a","(common) polypody",,
 "4","clach-raineach chaol","f","a","Polypodium vulgare",,
 "4","clach-raineach leathann","f","a","Polypodium cambricum",,
 "4","clach-raineach leathann","f","a","southern polypody",,
 "4","clach-raineach mheadhanach","f","a","Polypodium interjectum",,
 "4","clach-raineach mheadhanach","f","a","intermediate polypody",,
 "4","clacharan","m","a","Oenanthe oenanthe",,
 "4","clacharan","m","a","Saxicola torquata",,
 "4","clacharan","m","a","stonechat",,
 "4","clacharan","m","a","wheatear",,
 "4","cladach","m","a","coast",,
 "4","cladach","m","a","shore",,
 "4","cladach","m","a","stony beach",,
 "4","clamhan","m","a","Buteo buteo",,
 "4","clamhan","m","a","buzzard",,
 "4","clamhan gobhlach","m","a","Milvus milvus",,
 "4","clamhan gobhlach","m","a","red kite",,
 "4","clamhan nan cearc","m","a","hen harrier",,
 "4","clamhan riabhach","m","a","Pernis apivorus",,
 "4","clamhan riabhach","m","a","honey buzzard",,
 "4","clamhan ruadh","m","a","Falco tinnunculus",,
 "4","clamhan ruadh","m","a","kestrel",,
 "4","clamhan-lòin","m","a","Circus aeruginosus",,
 "4","clamhan-lòin","m","a","marsh harrier",,
 "4","cleachdadh seasmhach","m","a","sustainable use",,
 "4","cleit","f","a","quill",,
 "4","clitocybe sgàineach","f","a","Clitocybe rivulosa",,
 "4","clitocybe sgàineach","f","a","cracking clitocybe",,
 "4","cloichearan","m","a","Saxicola torquata",,
 "4","cloichearan","m","a","stonechat",,
 "4","cloitheag","f","a","Decapoda (Order) spp.",,
 "4","cloitheag","f","a","Tabanidae spp.",,
 "4","cloitheag","f","a","cleg",,
 "4","cloitheag","f","a","gadfly",,
 "4","cloitheag","f","a","shrimp",,
 "4","cluaran","m","a","Cirsium spp.",,
 "4","cluaran","m","a","thistle",,
 "4","clòimh",,"a","plumage",,
 "4","cnag-tràghad","m","a","urchin",,
 "4","cnagan faoileig","m","a","Echinoidea spp.",,
 "4","cnagan faoileig","m","a","sea urchin",,
 "4","cnagan-traghad","m","a","Echinoidea spp.",,
 "4","cnagan-traghad","m","a","sea urchin",,
 "4","cnapan dubh","m","a","knapweed",,
 "4","cnuimh","f","a","Diptera spp.",,
 "4","cnuimh","f","a","Eumetazoa spp.",,
 "4","cnuimh","f","a","maggot",,
 "4","cnuimh","f","a","worm",,
 "4","cnò-daraich","f","a","Quercus spp.",,
 "4","cnò-daraich","f","a","acorn",,
 "4","co-chomhairleachadh poblach","m","a","public consultation",,
 "4","coileach dubh","m","a","Tetrao tetrix",,
 "4","coileach dubh","m","a","black grouse",,
 "4","coileach-coille","m","a","Scolopax rusticola",,
 "4","coileach-coille","m","a","woodcock (male)",,
 "4","coileach-fraoich","m","a","Lagopus lagopus",,
 "4","coileach-fraoich","m","a","red grouse (male)",,
 "4","coileach-peucaig","m","a","Pavo cristatus",,
 "4","coileach-peucaig","m","a","peacock",,
 "4","coille","f","a","forest",,
 "4","coille","f","a","woodland",,
 "4","coille beith dhubhach","f","a","Betula pendula",,
 "4","coille beith dhubhach","f","a","silver birch wood",,
 "4","coineanach","m","a","Oryctolagus cuniculus",,
 "4","coineanach","m","a","rabbit",,
 "4","coirean bàn","m","a","Silene latifolia",,
 "4","coirean bàn","m","a","white campion",,
 "4","coirean mara","m","a","Silene uniflora",,
 "4","coirean mara","m","a","sea campion",,
 "4","colcach bheag","f","a","Alle alle",,
 "4","colcach bheag","f","a","little auk",,
 "4","colcair","m","a","Pinguinus impennis",,
 "4","colcair","m","a","great auk",,
 "4","coltraiche","m","a","Alca torda",,
 "4","coltraiche","m","a","razorbill",,
 "4","comhachag","f","a","Tyto alba",,
 "4","comhachag","f","a","barn owl",,
 "4","comhachag adharcach","f","a","Asio otus",,
 "4","comhachag adharcach","f","a","long-eared owl",,
 "4","comhachag bheag","f","a","Athene noctua",,
 "4","comhachag bheag","f","a","little owl",,
 "4","comhachag bhàn","f","a","Bubo scandiaca",,
 "4","comhachag bhàn","f","a","snowy owl",,
 "4","comhachag chluasach","f","a","Asio flammeus",,
 "4","comhachag chluasach","f","a","short-eared owl",,
 "4","comhachag mhòr","f","a","Bubo bubo",,
 "4","comhachag mhòr","f","a","eagle owl",,
 "4","conan mara","m","a","Echinoidea spp.",,
 "4","conan mara","m","a","sea urchin",,
 "4","conasg","m","a","Ulex spp.",,
 "4","conasg","m","a","gorse",,
 "4","conasg","m","a","whin",,
 "4","connspeach","f","a","Hymenoptera spp.",,
 "4","connspeach","f","a","hornet",,
 "4","connspeach","f","a","wasp",,
 "4","copag","f","a","Rumex spp.",,
 "4","copag","f","a","dock",,
 "4","corail","m","a","Anthozoa",,
 "4","corail","m","a","coral",,
 "4","corail bàn-dhearg","m","a","Clavaria zollingeri",,
 "4","corail bàn-dhearg","m","a","violaceous fairy club",,
 "4","corail cupanach","m","a","cup coral",,
 "4","corcan-coille","m","a","Pyrrhula pyrrhula",,
 "4","corcan-coille","m","a","bullfinch",,
 "4","corcar","m","a","Ochrolechia tartarea",,
 "4","corcar","m","a","cudbear lichen",,
 "4","corman-coillteach","m","a","Scolopax rusticola",,
 "4","corman-coillteach","m","a","woodcock (male)",,
 "4","corra-chagailte","f","a","Caudata",,
 "4","corra-chagailte","f","a","salamander",,
 "4","corra-chosag","f","a","woodlouse",,
 "4","corra-ghlas","f","a","Ardea cinerea",,
 "4","corra-ghlas","f","a","grey heron",,
 "4","corra-ghrian","f","a","Botaurus stellaris",,
 "4","corra-ghrian","f","a","bittern",,
 "4","corra-ghritheach","f","a","Ardea cinerea",,
 "4","corra-ghritheach","f","a","grey heron",,
 "4","corra-ghritheach ghlas","f","a","Ardea cinerea",,
 "4","corra-ghritheach ghlas","f","a","grey heron",,
 "4","corra-liod",,"a","Numenius arquata",,
 "4","corra-liod",,"a","curlew",,
 "4","corra-mhonaidh","f","a","Grus grus",,
 "4","corra-mhonaidh","f","a","crane",,
 "4","corragan an duine mhairbh","f","a","Silene uniflora",,
 "4","corragan an duine mhairbh","f","a","sea campion",,
 "4","costa","m","a","coast",,
 "4","costag fhiadhain","f","a","Anthriscus sylvestris",,
 "4","costag fhiadhain","f","a","cow parsley",,
 "4","craiceann","m","a","skin",,
 "4","crann-fìona","m","a","vine",,
 "4","crann-lach","f","a","Anas crecca",,
 "4","crann-lach","f","a","teal",,
 "4","craobh","f","a","tree",,
 "4","craobh pleantrainn","f","a","Acer pseudoplatanus",,
 "4","craobh pleantrainn","f","a","sycamore",,
 "4","craobh-shice","f","a","Acer pseudoplatanus",,
 "4","craobh-shice","f","a","sycamore",,
 "4","craobh-shirist","f","a","cherry tree",,
 "4","craobh-ubhail","f","a","apple tree",,
 "4","creachadair","m","a","predator",,
 "4","creachan banrigh","f","a","queen scallop",,
 "4","creag","f","a","rock",,
 "4","creamh","m","a","Allium spp.",,
 "4","creamh","m","a","garlic",,
 "4","creathall na mara","f","a","Petromyzon marinus",,
 "4","creathall na mara","f","a","sea lamprey",,
 "4","creimeadh",,"a","erosion",,
 "4","creithleag","f","a","Tabanidae (Family) spp.",,
 "4","creithleag","f","a","cleg",,
 "4","creithleag","f","a","gadfly",,
 "4","creithleag nan each","f","a","Tabanidae spp.",,
 "4","creithleag nan each","f","a","horsefly",,
 "4","criodhair","m","a","Hirudinea (subclass) spp.",,
 "4","criodhair","m","a","leech",,
 "4","crios Chù Chulainn","m","a","Filipendula ulmaria",,
 "4","crios Chù Chulainn","m","a","meadowsweet",,
 "4","crios a’ mheadhain","m","a","equator",,
 "4","crios na Cruinne","m","a","equator",,
 "4","crios-meadhain","m","a","equator",,
 "4","critheann","m","a","Populus tremula",,
 "4","critheann","m","a","aspen",,
 "4","croise na tràghad","f","a","starfish",,
 "4","crom-lus","m","a","Papaver spp.",,
 "4","crom-lus","m","a","poppy",,
 "4","crosgag","f","a","starfish",,
 "4","crosgag bhrisg","f","a","brittle star",,
 "4","crosgag iteach","f","a","Leptometra celtica",,
 "4","crosgag iteach","f","a","northern feather star",,
 "4","crotal","m","a","lichen",,
 "4","crotal ceann-phrìne","m","a","Chaenotheca brunneola",,
 "4","crotal ceann-phrìne","m","a","pinhead lichen",,
 "4","crotal coille","m","a","Lobaria pulmonaria",,
 "4","crotal coille","m","a","tree lungwort",,
 "4","crotal corcra cupanach","m","a","Cladonia coccifera",,
 "4","crotal corcra cupanach","m","a","scarlet-cup lichen",,
 "4","crotal còinnich","m","a","Cladonia spp.",,
 "4","crotal còinnich","m","a","cup lichen",,
 "4","crotal dubh","m","a","Hypogymnia physodes",,
 "4","crotal dubh","m","a","dark crottle",,
 "4","crotal dubh","m","a","heather-rags",,
 "4","crotal geal","m","a","Ochrolechia parella",,
 "4","crotal geal","m","a","crabs eye lichen",,
 "4","crotal litreach","m","a","Graphis scripta",,
 "4","crotal litreach","m","a","script lichen",,
 "4","crotal mall-fhàis","m","a","Lecanora rupicola",,
 "4","crotal mall-fhàis","m","a","slow-growing lichen",,
 "4","crotal oir-bhuidhe brù-bhreac","m","a","Pseudocyphellaria crocata",,
 "4","crotal oir-bhuidhe brù-bhreac","m","a","golden-edged specklebelly",,
 "4","crotal rèin-fhèidh","m","a","Cladonia portentosa",,
 "4","crotal rèin-fhèidh","m","a","reindeer lichen",,
 "4","crotal sgèithe mogalach","m","a","Parmelia sulcata",,
 "4","crotal sgèithe mogalach","m","a","netted shield lichen",,
 "4","crotal socaid","m","a","Solorina saccata",,
 "4","crotal socaid","m","a","socket lichen",,
 "4","crotal stuic","m","a","Cladonia botrytes",,
 "4","crotal stuic","m","a","stump lichen",,
 "4","cruinneag a' chinn a Tuath","f","a","northern damselfly",,
 "4","cruinneag chaochlaideach","f","a","variable damselfly",,
 "4","cruinneag chumanta","f","a","common blue damselfly",,
 "4","cruinneag dhearg","f","a","large red damselfly",,
 "4","cruinneag ghrinn","f","a","blue-tailed damselfly",,
 "4","cruinneag liath","f","a","azure damselfly",,
 "4","cruinneag uaine","f","a","emerald damselfly",,
 "4","cruth-tìre","m","a","landscape",,
 "4","cràdh-ghèadh","m","a","Tadorna tadorna",,
 "4","cràdh-ghèadh","m","a","shelduck",,
 "4","crìon-mhial",,"a","Isopoda spp.",,
 "4","crìon-mhial",,"a","slater",,
 "4","crìonag bhuidhe","f","a","Regulus regulus",,
 "4","crìonag bhuidhe","f","a","goldcrest",,
 "4","crìonag-ghiuthais","f","a","Phylloscopus trochilus",,
 "4","crìonag-ghiuthais","f","a","willow warbler",,
 "4","cròch na beinne","m","a","Solorina crocea",,
 "4","cròch na beinne","m","a","mountain saffron",,
 "4","crùbag","f","a","crab",,
 "4","crùbag ghiomaich","f","a","Munida rugosa",,
 "4","crùbag ghiomaich","f","a","squat lobster",,
 "4","cuidhteag","f","a","Merlangius merlangus",,
 "4","cuidhteag","f","a","whiting",,
 "4","cuilceag","f","a","Acrocephalus scirpaceus",,
 "4","cuilceag","f","a","reed warbler",,
 "4","cuileag","f","a","Dipetera spp.",,
 "4","cuileag","f","a","fly",,
 "4","cuileag aibhne","f","a","riverfly",,
 "4","cuileag ghlas","f","a","greenfly",,
 "4","cuileag iadhach","f","a","hoverfly",,
 "4","cuileag iadhach a' chrithinn","f","a","aspen hoverfly",,
 "4","cuileag mhòr","f","a","Calliphora vomitoria",,
 "4","cuileag mhòr","f","a","bluebottle",,
 "4","cuileag-shnìomhain","f","a","Lampyris noctiluca",,
 "4","cuileag-shnìomhain","f","a","glow-worm",,
 "4","cuileag-theallaich","f","a","Orthoptera spp.",,
 "4","cuileag-theallaich","f","a","cricket",,
 "4","cuileann","m","a","Ilex aquifolium",,
 "4","cuileann","m","a","holly",,
 "4","cuileann-tràgha","m","a","Eryngium maritimum",,
 "4","cuileann-tràgha","m","a","sea holly",,
 "4","cuisle-aibheach","f","a","liverwort",,
 "4","cumhachd ath-nuadhachail","f","a","renewable power",,
 "4","cupa bàis","m","a","Amanita phalloides",,
 "4","cupa bàis","m","a","the death cap",,
 "4","cupa dearg a’ mhàileachain","m","a","Sarcoscypha coccinea",,
 "4","cupa dearg a’ mhàileachain","m","a","scarlet elf cup",,
 "4","cupa-cèireach dearg","m","a","Hygrocybe punicea",,
 "4","cupa-cèireach dearg","m","a","crimson wax cap",,
 "4","currac-baintighearna","m","a","Parus major",,
 "4","currac-baintighearna","m","a","great tit",,
 "4","currac-chuthaige",,"a","Lychnis flos-cuculi",,
 "4","currac-chuthaige",,"a","ragged robin",,
 "4","curracag","f","a","Vanellus vanellus",,
 "4","curracag","f","a","lapwing",,
 "4","cuthag","f","a","Cuculus canorus",,
 "4","cuthag","f","a","cuckoo",,
 "4","càl na mara","m","a","Crambe maritima",,
 "4","càl na mara","m","a","sea kale",,
 "4","càrnan","m","a","Dictyoptera spp.",,
 "4","càrnan","m","a","cockroach",,
 "4","cìoch dheàlrach na maighdinn-mhara","f","a","Pachycerianthus multiplicatus",,
 "4","cìoch dheàlrach na maighdinn-mhara","f","a","fireworks anemone",,
 "4","cìoch na maighdinn-mara","f","a","Actiniaria spp.",,
 "4","cìoch na maighdinn-mara","f","a","sea anemone",,
 "4","cìoch na muice mara","f","a","Actiniaria spp.",,
 "4","cìoch na muice mara","f","a","sea anemone",,
 "4","cìochag-thràghad","f","a","Actiniaria spp.",,
 "4","cìochag-thràghad","f","a","sea anemone",,
 "4","cìrean-coilich","m","a","Silene dioica",,
 "4","cìrean-coilich","m","a","red campion",,
 "4","còinneach","f","a","Bryophyta (Division) spp.",,
 "4","còinneach","f","a","moss",,
 "4","còinneach boglaich","f","a","Sphagnum",,
 "4","còinneach boglaich","f","a","bog moss",,
 "4","còinneach gruaig chlòimhe","f","a","Racomitrium lanuginosum",,
 "4","còinneach gruaig chlòimhe","f","a","woolly hair moss",,
 "4","cònan mara","m","a","urchin",,
 "4","cù-fionna",,"a","hawk-moth",,
 "4","dail-chuach lèana","m","a","Viola palustris",,
 "4","dail-chuach lèana","m","a","marsh violet",,
 "4","daingneach","m","a","stronghold",,
 "4","dais","m","a","Dama dama",,
 "4","dais","m","a","fallow deer",,
 "4","dall-chnuimh","f","a","Anguis fragilis",,
 "4","dall-chnuimh","f","a","slow-worm",,
 "4","dallag","f","a","Sorex araneus",,
 "4","dallag","f","a","common shrew",,
 "4","dallag-fheòir","f","a","Sorex araneus",,
 "4","dallag-fheòir","f","a","common shrew",,
 "4","dallag-uisge","f","a","Neomys fodiens",,
 "4","dallag-uisge","f","a","water shrew",,
 "4","damh","m","a","Cervus elaphus",,
 "4","damh","m","a","stag (deer)",,
 "4","damhan-allaidh","m","a","Arachnida spp.",,
 "4","damhan-allaidh","m","a","spider",,
 "4","daol chaoch","f","a","Lucanus cervus",,
 "4","daol chaoch","f","a","stag-beetle",,
 "4","daolag","f","a","Coleoptera spp.",,
 "4","daolag","f","a","beetle",,
 "4","daolag bhreac dhearg","f","a","Coccinellidae spp.",,
 "4","daolag bhreac dhearg","f","a","ladybird",,
 "4","daolag-bhreac","f","a","Coccinellidae spp.",,
 "4","daolag-bhreac","f","a","ladybird",,
 "4","darach","m","a","Quercus spp.",,
 "4","darach","m","a","oak",,
 "4","dathas","m","a","Dama dama",,
 "4","dathas","m","a","fallow deer",,
 "4","deala","f","a","Hirudinea (subclass) spp.",,
 "4","deala","f","a","leech",,
 "4","dealan-dè","m","a","butterfly",,
 "4","dealan-dè beag geal","m","a","small white butterfly",,
 "4","dealan-dè buidhe na seamraig","m","a","clouded yellow butterfly",,
 "4","dealan-dè dorch-uaine","m","a","Argynnis aglaja",,
 "4","dealan-dè dorch-uaine","m","a","dark green fritillary butterfly",,
 "4","dealan-dè flùr na cuthaige","m","a","orange tip butterfly",,
 "4","dealan-dè mòr geal","m","a","large white butterfly",,
 "4","dealan-dè na cluaran","m","a","Vanessa cardui",,
 "4","dealan-dè na cluaran","m","a","painted lady butterfly",,
 "4","dealan-dè na cromaig geal","m","a","Polygonia c-album",,
 "4","dealan-dè na cromaig geal","m","a","comma butterfly",,
 "4","dealan-dè na cuilinn","m","a","Celastrina argiolus",,
 "4","dealan-dè na cuilinn","m","a","holly blue butterfly",,
 "4","dealan-dè na deanntaig beag","m","a","Aglais urticae",,
 "4","dealan-dè na deanntaig beag","m","a","small tortoiseshell butterfly",,
 "4","dealan-dè na feanntaig beag","m","a","Aglais urticae",,
 "4","dealan-dè na feanntaig beag","m","a","small tortoiseshell butterfly",,
 "4","dealan-dè na gairlich callaide","m","a","green-veined white butterfly",,
 "4","dealan-dè nam boglaichean","m","a","Euphydryas aurinia",,
 "4","dealan-dè nam boglaichean","m","a","marsh fritillary butterfly",,
 "4","dealan-dè nan oirean neamhnaideach","m","a","pearl-bordered fritillary butterfly",,
 "4","dealan-dè nan oirean-neamhnaid beag","m","a","small pearl-bordered fritillary butterfly",,
 "4","dealan-dè roinne stiallach corcarach","m","a","purple hairstreak butterfly",,
 "4","dealan-dè roinne stiallach uaine","m","a","green hairstreak butterfly",,
 "4","dealbh-tìre","m","a","landscape",,
 "4","dealbhan beag an fhraoich","m","a","Coenonympha pamphilus",,
 "4","dealbhan beag an fhraoich","m","a","small heath butterfly",,
 "4","dealbhan breac na coille","m","a","Pararge aegeria",,
 "4","dealbhan breac na coille","m","a","speckled wood butterfly",,
 "4","dealbhan mòr an fhraoich","m","a","Coenonympha tullia",,
 "4","dealbhan mòr an fhraoich","m","a","large heath butterfly",,
 "4","deanntag","f","a","Urtica dioica",,
 "4","deanntag","f","a","nettle",,
 "4","deanntag bhàn","f","a","white deadnettle",,
 "4","dearbadan-dè","m","a","butterfly",,
 "4","dearc","f","a","Vaccinium myrtillus",,
 "4","dearc","f","a","blaeberry",,
 "4","dearc-fhraoich","f","a","Vaccinium myrtillus",,
 "4","dearc-fhraoich","f","a","bilberry",,
 "4","dearc-luachrach","f","a","Triturus spp.",,
 "4","dearc-luachrach","f","a","newt",,
 "4","dearc-luachrach Ailpeach","f","a","Alpine newt",,
 "4","dearc-luachrach Ailpeach","f","a","Ichthyosaura alpestris",,
 "4","dearc-luachrach boiseach","f","a","Triturus helveticus",,
 "4","dearc-luachrach boiseach","f","a","palmate newt",,
 "4","dearc-luachrach ghainmhich","f","a","Lacerta agilis",,
 "4","dearc-luachrach ghainmhich","f","a","sand lizard",,
 "4","dearc-luachrach mhìn","f","a","Triturus vulgaris",,
 "4","dearc-luachrach mhìn","f","a","smooth newt",,
 "4","dearc-luachrach mhòr","f","a","Triturus cristatus",,
 "4","dearc-luachrach mhòr","f","a","great crested newt",,
 "4","dearcag","f","a","Vaccinium myrtillus",,
 "4","dearcag","f","a","blaeberry",,
 "4","dearg",,"a","red",,
 "4","deargad","f","a","Siphonaptera spp.",,
 "4","deargad","f","a","flea",,
 "4","deargan-coille","m","a","Pyrrhula pyrrhula",,
 "4","deargan-coille","m","a","bullfinch",,
 "4","deargan-seilich","m","a","Carduelis flammea",,
 "4","deargan-seilich","m","a","redpoll",,
 "4","deargann","f","a","Siphonaptera spp.",,
 "4","deargann","f","a","flea",,
 "4","deigh","f","a","ice",,
 "4","deilf","f","a","Delphinus delphis",,
 "4","deilf","f","a","common dolphin",,
 "4","deilf chliathaich-ghil","f","a","Lagenorhynchus acutus",,
 "4","deilf chliathaich-ghil","f","a","white-sided dolphin",,
 "4","deilf gheal-ghobach","f","a","Lagenorhynchus albirostris",,
 "4","deilf gheal-ghobach","f","a","white-beaked dolphin",,
 "4","deoch-bhiugh","m","a","Tringa nebularia",,
 "4","deoch-bhiugh","m","a","greenshank",,
 "4","docan gainmhiche","m","a","sand dune",,
 "4","doireagan","m","a","Vanellus vanellus",,
 "4","doireagan","m","a","lapwing",,
 "4","donn",,"a","brown",,
 "4","donnag a’ bhalla","f","a","Lasiommata megera",,
 "4","donnag a’ bhalla","f","a","wall butterfly",,
 "4","donnag bhallach","f","a","Lasiommata megera",,
 "4","donnag bhallach","f","a","wall butterfly",,
 "4","dreathan a’ chinn bhuidhe","m","a","Regulus regulus",,
 "4","dreathan a’ chinn bhuidhe","m","a","goldcrest",,
 "4","dreathan donn","m","a","Troglodytes troglodytes",,
 "4","dreathan donn","m","a","wren",,
 "4","dreòlan","m","a","Troglodytes troglodytes",,
 "4","dreòlan","m","a","wren",,
 "4","dris","f","a","Rubus fruticosus agg.",,
 "4","dris","f","a","thorn",,
 "4","droigheann","m","a","Rubus fruticosus agg.",,
 "4","droigheann","m","a","thorn",,
 "4","droigheann dubh","m","a","Prunus spinosa",,
 "4","droigheann dubh","m","a","blackthorn",,
 "4","droigheann dubh","m","a","sloe berry",,
 "4","droman","m","a","Sambucus nigra",,
 "4","droman","m","a","elder",,
 "4","druid","f","a","Sturnus vulgaris",,
 "4","druid","f","a","starling",,
 "4","dubh",,"a","black",,
 "4","dubh-eun","m","a","Fulica atra",,
 "4","dubh-eun","m","a","coot",,
 "4","dubh-lach","f","a","Fulica atra",,
 "4","dubh-lach","f","a","coot",,
 "4","duileasg","m","a","Palmaria palmata",,
 "4","duileasg","m","a","dulse",,
 "4","duilleag","f","a","leaf",,
 "4","duilleag-bhàthte","f","a","Nymphaea alba",,
 "4","duilleag-bhàthte","f","a","waterlily",,
 "4","duilleagag a’ chruithneachd","f","a","liverwort",,
 "4","durrag","f","a","Eumetazoa spp.",,
 "4","durrag","f","a","worm",,
 "4","dà-dhuilleach monaidh","m","a","Listera cordata",,
 "4","dà-dhuilleach monaidh","m","a","lesser twayblade",,
 "4","dàir","f","a","rut (deer)",,
 "4","dìle","f","a","flood",,
 "4","dòbhran","m","a","Lutra lutra",,
 "4","dòbhran","m","a","otter",,
 "4","dùn-gainmhich","m","a","sand dune",,
 "4","dùthchail",,"a","rural",,
 "4","dùthchasach","a","a","native",,
 "4","each","m","a","horse",,
 "4","each-mara","f","a","Odobenus rosmarus",,
 "4","each-mara","f","a","walrus",,
 "4","eaco-siostam","m","a","ecosystem",,
 "4","eag-siostam","m","a","ecosystem",,
 "4","eala","f","a","swan",,
 "4","eala bhàn","f","a","Cygnus olor",,
 "4","eala bhàn","f","a","mute swan",,
 "4","earb","f","a","Capreolus capreolus",,
 "4","earb","f","a","roe deer",,
 "4","earball eich","m","a","horsetail ",,
 "4","earball eich caol","m","a","Equisetum variegatum",,
 "4","earball eich caol","m","a","variegated horsetail",,
 "4","earball eich coille","m","a","Equisetum sylvaticum",,
 "4","earball eich coille","m","a","wood horsetail",,
 "4","earball eich cumanta","m","a","Equisetum arvense",,
 "4","earball eich cumanta","m","a","field horsetail",,
 "4","earball eich dubharach","m","a","Equisetum pratense",,
 "4","earball eich dubharach","m","a","shady horsetail",,
 "4","earball eich garbh","m","a","Equisetum hyemale",,
 "4","earball eich garbh","m","a","rough horsetail",,
 "4","earball eich lèana","m","a","Equisetum palustre",,
 "4","earball eich lèana","m","a","marsh horsetail",,
 "4","earball eich mòr","m","a","Equisetum telmateia",,
 "4","earball eich mòr","m","a","great horsetail",,
 "4","earball eich uisge","m","a","Equisetum fluviatile",,
 "4","earball eich uisge","m","a","water horsetail",,
 "4","earrach","m","a","spring (season)",,
 "4","easag","f","a","Phasianus colchicus",,
 "4","easag","f","a","pheasant",,
 "4","easgann","f","a","eel",,
 "4","easgann Eòrpach","f","a","Anguilla anguilla",,
 "4","easgann Eòrpach","f","a","European eel",,
 "4","easgann-bhreac na mara","f","a","Petromyzon marinus",,
 "4","easgann-bhreac na mara","f","a","sea lamprey",,
 "4","eidheann","f","a","Hedera helix",,
 "4","eidheann","f","a","ivy",,
 "4","eigh","f","a","ice",,
 "4","eigh-shruth","m","a","glacier",,
 "4","eilid","f","a","Capreolus capreolus",,
 "4","eilid","f","a","red deer (female)",,
 "4","eun an t-sneachda","m","a","Plectrophenax nivalis",,
 "4","eun an t-sneachda","m","a","snow bunting",,
 "4","eun cobhartaich","m","a","bird of prey",,
 "4","eun creiche","m","a","bird of prey",,
 "4","eun dubh an sgadain","m","a","Uria aalge",,
 "4","eun dubh an sgadain","m","a","guillemot",,
 "4","eun grunnachaidh","m","a","wader",,
 "4","eun ruadh","f","a","Lagopus lagopus",,
 "4","eun ruadh","f","a","red grouse",,
 "4","eun uisge","m","a","waterfowl",,
 "4","eun-Bealltainn","m","a","Numenius phaeopus",,
 "4","eun-Bealltainn","m","a","whimbrel",,
 "4","eàrr dhearg","f","a","redstart",,
 "4","eòrna","m","a","barley",,
 "4","fachach","m","a","Fratercula arctica",,
 "4","fachach","m","a","puffin",,
 "4","fachach bàn","m","a","Puffinus puffinus",,
 "4","fachach bàn","m","a","manx shearwater",,
 "4","faidhbhile","f","a","Fagus sylvatica",,
 "4","faidhbhile","f","a","beech",,
 "4","failtean fionn","m","a","Adiantum capillus-veneris",,
 "4","failtean fionn","m","a","maidenhair fern",,
 "4","fallag","f","a","Riparia riparia",,
 "4","fallag","f","a","sand martin",,
 "4","famh","m","a","mole",,
 "4","famh-bhual","m","a","Neomys fodiens",,
 "4","famh-bhual","m","a","water shrew",,
 "4","famhalan","m","a","Arvicola amphibius",,
 "4","famhalan","m","a","Microtus arvalis",,
 "4","famhalan","m","a","common vole",,
 "4","famhalan","m","a","water vole",,
 "4","famhalan Breatannach","m","a","Myodes glareolus",,
 "4","famhalan Breatannach","m","a","bank vole",,
 "4","famhalan arcach","m","a","Microtus arvalis",,
 "4","famhalan arcach","m","a","common vole",,
 "4","famhalan bruaiche","m","a","Myodes glareolus",,
 "4","famhalan bruaiche","m","a","bank vole",,
 "4","famhalan-feòir","m","a","Microtus agrestis",,
 "4","famhalan-feòir","m","a","field vole",,
 "4","faoileag","f","a","Larus spp.",,
 "4","faoileag","f","a","seagull",,
 "4","faoileag an sgadain","f","a","Larus argentatus",,
 "4","faoileag an sgadain","f","a","herring gull",,
 "4","faoileag bheag","f","a","Larus minutus",,
 "4","faoileag bheag","f","a","little gull",,
 "4","faoileag dhubh-cheannach","f","a","Larus ridibundus",,
 "4","faoileag dhubh-cheannach","f","a","black-headed gull",,
 "4","faoileann","f","a","Larus canus",,
 "4","faoileann","f","a","common gull",,
 "4","farachan","m","a","Xestobium rufovillosum",,
 "4","farachan","m","a","deathwatch beetle",,
 "4","farspach","f","a","Larus marinus",,
 "4","farspach","f","a","great black-backed gull",,
 "4","farspach bheag","f","a","Larus fuscus",,
 "4","farspach bheag","f","a","lesser black-backed gull",,
 "4","farspag","f","a","Larus marinus",,
 "4","farspag","f","a","great black-backed gull",,
 "4","farspag bheag","f","a","Larus fuscus",,
 "4","farspag bheag","f","a","lesser black-backed gull",,
 "4","fasgadair mòr","m","a","Stercorarius skua",,
 "4","fasgadair mòr","m","a","great skua",,
 "4","feadag bhuidhe","f","a","Pluvialis apricaria",,
 "4","feadag bhuidhe","f","a","golden plover",,
 "4","feadag ghlas","f","a","Pluvialis squatarola",,
 "4","feadag ghlas","f","a","grey plover",,
 "4","feamainn","f","a","seaweed",,
 "4","feannag","f","a","Corvus corone",,
 "4","feannag","f","a","carrion crow",,
 "4","feannag ghlas","f","a","Corvus cornix",,
 "4","feannag ghlas","f","a","hooded crow",,
 "4","feanntag","f","a","Urtica dioica",,
 "4","feanntag","f","a","nettle",,
 "4","fearaid","f","a","Mustela furo",,
 "4","fearaid","f","a","ferret",,
 "4","fearann","m","a","land",,
 "4","fearann coillteach",,"a","forest",,
 "4","fearann coillteach",,"a","woodland",,
 "4","fearann-mònach","m","a","blanket bog",,
 "4","feur","m","a","grass",,
 "4","feur","m","a","hay",,
 "4","feur a' phiobair","m","a","Pilularia globulifera",,
 "4","feur a' phiobair","m","a","pillwort",,
 "4","feur tioram","m","a","hay",,
 "4","feur-tìoraidh","m","a","silage",,
 "4","feurach baile","m","a","common grazing",,
 "4","feurach coitcheann","m","a","common grazing",,
 "4","feurlagan","m","a","Microtus agrestis",,
 "4","feurlagan","m","a","field vole",,
 "4","feursann","f","a","Hydrophoria lancifer",,
 "4","feursann","f","a","warble fly",,
 "4","feusag nan creag","f","a","Ramalina siliquosa",,
 "4","feusag nan creag","f","a","sea ivory",,
 "4","feusgan","m","a","mussel",,
 "4","feusgan gobhlach","m","a","Atrina pectinata (fragilis)",,
 "4","feusgan gobhlach","m","a","fan mussel",,
 "4","feusgan nan each","m","a","Modiolus modiolus",,
 "4","feusgan nan each","m","a","horse mussel",,
 "4","feusgan neamhnaid fìor-uisge",,"a","freshwater pearl mussel",,
 "4","feàrna","f","a","Alnus glutinosa",,
 "4","feàrna","f","a","alder",,
 "4","feòcallan","m","a","polecat",,
 "4","feòrag ghlas","f","a","Sciurus carolinensis",,
 "4","feòrag ghlas","f","a","grey squirrel",,
 "4","feòrag ruadh","f","a","Sciurus vulgaris",,
 "4","feòrag ruadh","f","a","red squirrel",,
 "4","fiacail lannach","f","a","Sarcodon imbricatus",,
 "4","fiacail lannach","f","a","scaly tooth",,
 "4","fiadh ruadh","m","a","Cervus elaphus",,
 "4","fiadh ruadh","m","a","red deer",,
 "4","fiadh-Seapanach","m","a","Cervus nippon",,
 "4","fiadh-Seapanach","m","a","sika deer",,
 "4","fiadh-bheatha","f","a","wildlife",,
 "4","fiadh-bhreac","m","a","Dama dama",,
 "4","fiadh-bhreac","m","a","fallow deer",,
 "4","fiadh-chat","m","a","Felis silvestris",,
 "4","fiadh-chat","m","a","wildcat",,
 "4","fiadhaich",,"a","wild",,
 "4","fiatghal","m","a","vetch",,
 "4","fidhleir nan casan fada","m","a","Tipulidae spp.",,
 "4","fidhleir nan casan fada","m","a","cranefly",,
 "4","fidhleir nan casan fada","m","a","daddy-long-legs",,
 "4","fiolan-feòir","m","a","Sorex minutus",,
 "4","fiolan-feòir","m","a","pygmy shrew",,
 "4","fiolan-gòbhlach","m","a","Forficula auricularia",,
 "4","fiolan-gòbhlach","m","a","earwig",,
 "4","fiolanan-fada","m","a","Chilopoda spp.",,
 "4","fiolanan-fada","m","a","centipede",,
 "4","fionnag-feòir","f","a","Sorex minutus",,
 "4","fionnag-feòir","f","a","pygmy shrew",,
 "4","fionnan-feòir","m","a","Orthoptera spp.",,
 "4","fionnan-feòir","m","a","grasshopper",,
 "4","fitheach","m","a","Corvus corax",,
 "4","fitheach","m","a","raven",,
 "4","fleogan","m","a","flatfish",,
 "4","fliùgh","f","a","Pollachius pollachius",,
 "4","fliùgh","f","a","lythe",,
 "4","fliùgh","f","a","pollack",,
 "4","flùr na gaoithe","m","a","Anemone nemorosa",,
 "4","flùr na gaoithe","m","a","wood anemone",,
 "4","flùr-bhileag","m","a","petal",,
 "4","fo-abhainn","f","a","tributary",,
 "4","fodar","m","a","silage",,
 "4","foghar","m","a","autumn",,
 "4","fosail","m","a","fossil",,
 "4","fraoch","m","a","Calluna vulgaris",,
 "4","fraoch","m","a","heather",,
 "4","fraoch Frangach","m","a","Enca tetralix",,
 "4","fraoch Frangach","m","a","cross-leaved heather",,
 "4","fraoch a’ bhadain","m","a","Erica cinerea",,
 "4","fraoch a’ bhadain","m","a","bell-heather",,
 "4","frith-raineach","f","a","bladder-fern",,
 "4","frith-raineach Dickie","f","a","Cystopteris dickieana",,
 "4","frith-raineach Dickie","f","a","Dickie's bladder-fern",,
 "4","frith-raineach beinne","f","a","Cystopteris montana",,
 "4","frith-raineach beinne","f","a","mountain bladder-fern",,
 "4","frith-raineach chumanta","f","a","Cystopteris fragilis",,
 "4","frith-raineach chumanta","f","a","brittle bladder-fern",,
 "4","fungas","m","a","fungus",,
 "4","fungas crochte","m","a","Basidiomycota (Phylum) spp.",,
 "4","fungas crochte","m","a","bracket fungus",,
 "4","fungas mealach","m","a","Armillaria ostoyae",,
 "4","fungas mealach","m","a","honey fungus",,
 "4","fàileadh","m","a","smell",,
 "4","fàinneag","f","a","Aphantopus hyperantus",,
 "4","fàinneag","f","a","ringlet butterfly",,
 "4","fàinneag a’ mhonaidh","f","a","Erebia epiphron",,
 "4","fàinneag a’ mhonaidh","f","a","mountain ringlet butterfly",,
 "4","fàs-bheatha","f","a","vegetation",,
 "4","fàsmhorachd","f","a","vegetation",,
 "4","fìor ròin","f","a","true seals",,
 "4","fìor-chrann","f","a","Acer pseudoplatanus",,
 "4","fìor-chrann","f","a","sycamore",,
 "4","fòghnan","m","a","Cirsium spp.",,
 "4","fòghnan","m","a","thistle",,
 "4","fòman chritheannan","m","a","Phellinus tremulae",,
 "4","fòman chritheannan","m","a","aspen fomes",,
 "4","gabhagan","m","a","Anthus petrosus",,
 "4","gabhagan","m","a","rock pipit",,
 "4","gabhar","f","a","shad",,
 "4","gairm","f","a","call (as in birds call)",,
 "4","gaoth","f","a","wind",,
 "4","garbhag","f","a","clubmoss",,
 "4","garbhag Issler","f","a","Diphasiastrum complanatum",,
 "4","garbhag Issler","f","a","Issler’s clubmoss",,
 "4","garbhag a' mhadaidh-ruaidh","f","a","Lycopodium clavatum",,
 "4","garbhag a' mhadaidh-ruaidh","f","a","stag’s-horn clubmoss",,
 "4","garbhag ailpeach","f","a","Diphasiastrum alpinum",,
 "4","garbhag ailpeach","f","a","alpine clubmoss",,
 "4","garbhag an t-slèibhe","f","a","Huperzia selago",,
 "4","garbhag an t-slèibhe","f","a","fir clubmoss",,
 "4","garbhag bheag","f","a","Selaginella selaginoides",,
 "4","garbhag bheag","f","a","lesser clubmoss",,
 "4","garbhag lèana","f","a","Lycopodiella inundata",,
 "4","garbhag lèana","f","a","marsh clubmoss",,
 "4","garbhag na coise maighiche","f","a","Lycopodium lagopus",,
 "4","garbhag na coise maighiche","f","a","hare’s-foot clubmoss",,
 "4","garbhag shlabhraidheach","f","a","Lycopodium annotinum",,
 "4","garbhag shlabhraidheach","f","a","interrupted clubmoss",,
 "4","gartan","m","a","Ixodes ricinus",,
 "4","gartan","m","a","tick",,
 "4","gas","f","a","stem (of a flower)",,
 "4","geal",,"a","white (colour)",,
 "4","gealag an t-sneachda","m","a","Plectrophenax nivalis",,
 "4","gealag an t-sneachda","m","a","snow bunting",,
 "4","gealag bhuidhe","f","a","Carduelis spinus",,
 "4","gealag bhuidhe","f","a","siskin",,
 "4","gealag dhubh-cheannach","f","a","Emberiza schoeniclus",,
 "4","gealag dhubh-cheannach","f","a","reed bunting",,
 "4","gealag-bhuachair","f","a","Emberiza calandra",,
 "4","gealag-bhuachair","f","a","corn bunting",,
 "4","gealag-làir","f","a","Galanthus",,
 "4","gealag-làir","f","a","snowdrop",,
 "4","gealag-lòin","f","a","Emberiza schoeniclus",,
 "4","gealag-lòin","f","a","reed bunting",,
 "4","gealan beinne","m","a","Carduelis flavirostris",,
 "4","gealan beinne","m","a","twite",,
 "4","gealan-coille","m","a","Sylvia communis",,
 "4","gealan-coille","m","a","whitethroat",,
 "4","gealan-lìn","m","a","Carduelis cannabina",,
 "4","gealan-lìn","m","a","linnet",,
 "4","gealbh-roc","m","a","Oceanodroma leucorhoa",,
 "4","gealbh-roc","m","a","leach’s petrel",,
 "4","gealbhonn","m","a","Passer domesticus",,
 "4","gealbhonn","m","a","house sparrow",,
 "4","gealbhonn nam preas","m","a","Prunella modularis",,
 "4","gealbhonn nam preas","m","a","dunnock",,
 "4","gealbhonn nam preas","m","a","hedge sparrow",,
 "4","gealbhonn-gàraidh","m","a","Prunella modularis",,
 "4","gealbhonn-gàraidh","m","a","dunnock",,
 "4","gealbhonn-gàraidh","m","a","hedge sparrow",,
 "4","geamhradh","m","a","winter",,
 "4","geanais","m","a","Prunus avium",,
 "4","geanais","m","a","gean",,
 "4","geanmchno-fhiadhaich","f","a","Aesculus hippocastanum",,
 "4","geanmchno-fhiadhaich","f","a","horse chestnut",,
 "4","gearra-bhall","m","a","Pinguinus impennis",,
 "4","gearra-bhall","m","a","great auk",,
 "4","geo-iomadachd","m","a","geodiversity",,
 "4","geàrr","f","a","Lepus europaeus",,
 "4","geàrr","f","a","brown hare",,
 "4","geàrr a’ mhonaidh","f","a","mountain hare",,
 "4","geàrraidh","m","a","common grazing",,
 "4","geòlas","m","a","geology",,
 "4","gibeagan","m","a","Philomachus pugnax",,
 "4","gibeagan","m","a","ruff",,
 "4","gille-Brìghde","m","a","Haematopus ostralegus",,
 "4","gille-Brìghde","m","a","oystercatcher",,
 "4","gille-feadaig",,"a","dunlin",,
 "4","giomach","m","a","Homarus gammarus",,
 "4","giomach","m","a","lobster",,
 "4","giomach Lochlannach","m","a","Nephrops norvegicus",,
 "4","giomach Lochlannach","m","a","Norway lobster",,
 "4","giomach Nirribheach","m","a","Nephrops norvegicus",,
 "4","giomach Nirribheach","m","a","Norway lobster",,
 "4","giomach Spàinnteach","m","a","Palinurus elephas",,
 "4","giomach Spàinnteach","m","a","crayfish",,
 "4","giomach creige","m","a","Palinurus elephas",,
 "4","giomach creige","m","a","crayfish",,
 "4","gith","f","a","Diptera spp.",,
 "4","gith","f","a","maggot",,
 "4","giuthas","m","a","Pinus spp.",,
 "4","giuthas","m","a","pine",,
 "4","giùran","m","a","Cirripedia (Infraclass) spp.",,
 "4","giùran","m","a","barnacle",,
 "4","giùthsach duthchasach Albannach","m","a","native Scots pinewood",,
 "4","glac nan cuileag","m","a","Muscicapa striata",,
 "4","glac nan cuileag","m","a","spotted flycatcher",,
 "4","glaisean","m","a","sedge warbler",,
 "4","glaisean-daraich","m","a","Carduelis chloris",,
 "4","glaisean-daraich","m","a","greenfinch",,
 "4","glaisean-seilich","m","a","Motacilla alba",,
 "4","glaisean-seilich","m","a","pied wagtail",,
 "4","glas-eun","m","a","Anthus petrosus",,
 "4","glas-eun","m","a","rock pipit",,
 "4","glas-fhaoileag","f","a","Larus argentatus",,
 "4","glas-fhaoileag","f","a","herring gull",,
 "4","glas-lach","f","a","Anas penelope",,
 "4","glas-lach","f","a","wigeon",,
 "4","glas-luibh chùbhraidh","f","a","Moneses uniflora",,
 "4","glas-luibh chùbhraidh","f","a","one flowered wintergreen",,
 "4","glas-sheabhag","f","a","Accipiter gentilis",,
 "4","glas-sheabhag","f","a","goshawk",,
 "4","glasag","f","a","Ulva lactuca",,
 "4","glasag","f","a","sea lettuce",,
 "4","glasan","m","a","Phalaropus fulicarius",,
 "4","glasan","m","a","grey phalarope",,
 "4","glothagach","m","a","frogspawn",,
 "4","gnè","f","a","species ",,
 "4","gnè neo-dhùthchasach ionnsaigheach","f","a","invasive non-native species",,
 "4","gob","m","a","bill",,
 "4","gob","m","a","bird beak",,
 "4","gob-ceàrr","m","a","Recurvirostra avosetta",,
 "4","gob-ceàrr","m","a","avocet",,
 "4","gob-leathann","m","a","Anas clypeata",,
 "4","gob-leathann","m","a","shoveler",,
 "4","gobach","m","a","hawfinch",,
 "4","gobha-uisge","m","a","Cinclus cinclus",,
 "4","gobha-uisge","m","a","Fulica atra",,
 "4","gobha-uisge","m","a","coot",,
 "4","gobha-uisge","m","a","dipper",,
 "4","gobhachan mòr","m","a","Podiceps cristatus",,
 "4","gobhachan mòr","m","a","great crested grebe",,
 "4","gobhar-fhiadhaich",,"a","Capra hircus",,
 "4","gobhar-fhiadhaich",,"a","wild goat",,
 "4","gobharrta","m","a","Tringa totanus",,
 "4","gobharrta","m","a","redshank",,
 "4","gobhlachan","m","a","Arenaria interpres",,
 "4","gobhlachan","m","a","Podiceps cristatus",,
 "4","gobhlachan","m","a","great crested grebe",,
 "4","gobhlachan","m","a","turnstone",,
 "4","gobhlan-gainmhich","m","a","Riparia riparia",,
 "4","gobhlan-gainmhich","m","a","sand martin",,
 "4","gobhlan-gaoithe","m","a","Hirundo rustica",,
 "4","gobhlan-gaoithe","m","a","swallow",,
 "4","gobhlan-mara","m","a","Oceanodroma leucorhoa",,
 "4","gobhlan-mara","m","a","leach’s petrel",,
 "4","gobhlan-taighe","m","a","Delichon urbicum",,
 "4","gobhlan-taighe","m","a","house martin",,
 "4","gobhlan-uisge","m","a","Tachybaptus ruficollis",,
 "4","gobhlan-uisge","m","a","little grebe",,
 "4","gocan","m","a","Saxicola rubetra",,
 "4","gocan","m","a","whinchat",,
 "4","gocan cìreanach","m","a","Bombycilla garrulus",,
 "4","gocan cìreanach","m","a","waxwing",,
 "4","gocan-cònaisg","m","a","Saxicola rubetra",,
 "4","gocan-cònaisg","m","a","whinchat",,
 "4","gorm",,"a","blue",,
 "4","gorman","m","a","Polyommatus icarus",,
 "4","gorman","m","a","common blue butterfly",,
 "4","gorman beag","m","a","Cupido minimus",,
 "4","gorman beag","m","a","small blue butterfly",,
 "4","gort",,"a","Hedera helix",,
 "4","gort",,"a","ivy",,
 "4","grainnseag","f","a","Arctostaphylos uva-ursi",,
 "4","grainnseag","f","a","bearberry (bush)",,
 "4","gruag na bana-bhuidsich","f","a","Alectoria sarmentosa",,
 "4","gruag na bana-bhuidsich","f","a","witches’ hair",,
 "4","gràineag","f","a","Erinaceus europaeus",,
 "4","gràineag","f","a","hedgehog",,
 "4","gròm","m","a","Anthozoa",,
 "4","gròm","m","a","coral",,
 "4","gròm cupanach","m","a","cup coral",,
 "4","gròmag","f","a","blenny",,
 "4","gualan","m","a","carbon",,
 "4","guilbneach","f","a","Numenius arquata",,
 "4","guilbneach","f","a","curlew",,
 "4","guirnean","m","a","Branta bernicla",,
 "4","guirnean","m","a","brent goose",,
 "4","gurraiceach","m","a","Charadrius morinellus",,
 "4","gurraiceach","m","a","dotterel",,
 "4","gèadh","m","a","Anser spp.",,
 "4","gèadh","m","a","goose",,
 "4","gèadh dearg-chasach","m","a","Anser brachyrhynchus",,
 "4","gèadh dearg-chasach","m","a","pink-footed goose",,
 "4","gèadh dubh","m","a","Branta canadensis",,
 "4","gèadh dubh","m","a","Canada goose",,
 "4","gèadh glas","m","a","Anser anser",,
 "4","gèadh glas","m","a","greylag goose",,
 "4","gèadh-bhlàr","m","a","Anser albifrons",,
 "4","gèadh-bhlàr","m","a","white-fronted goose",,
 "4","gèadh-ghot","m","a","Branta bernicla",,
 "4","gèadh-ghot","m","a","brent goose",,
 "4","gòbhlag","f","a","Forficula auricularia",,
 "4","gòbhlag","f","a","earwig",,
 "4","gòbhlan mòr","m","a","Apus apus",,
 "4","gòbhlan mòr","m","a","swift",,
 "4","gòbhlan-dubh","m","a","Apus apus",,
 "4","gòbhlan-dubh","m","a","swift",,
 "4","iadh-lus","m","a","Calystegia spp.",,
 "4","iadh-lus","m","a","bindweed",,
 "4","ialtag","f","a","Chiroptera spp.",,
 "4","ialtag","f","a","bat",,
 "4","ialtag chluasach","f","a","Plecotus auritus",,
 "4","ialtag chluasach","f","a","brown long-eared bat",,
 "4","ialtag chumanta","f","a","Pipistrellus spp.",,
 "4","ialtag chumanta","f","a","pipistrelle bat",,
 "4","ialtag mhòr","f","a","Nyctalus noctula",,
 "4","ialtag mhòr","f","a","noctule bat",,
 "4","iasg","m","a","fish",,
 "4","iasgair an rìgh","m","a","Alcedo atthis",,
 "4","iasgair an rìgh","m","a","kingfisher",,
 "4","iasgair-slaite","m","a","angler",,
 "4","ibhig","f","a","shield-fern",,
 "4","ibhig bhog","f","a","Polystichum setiferum",,
 "4","ibhig bhog","f","a","soft shield-fern",,
 "4","ibhig chruaidh","f","a","Polystichum aculeatum",,
 "4","ibhig chruaidh","f","a","hard shield-fern",,
 "4","ibhig chuilinn","f","a","Polystichum lonchitis",,
 "4","ibhig chuilinn","f","a","holly-fern",,
 "4","impire corcarach","m","a","Emperor moth",,
 "4","impire corcarach","m","a","Saturnia pavonia",,
 "4","iogh","m","a","Taxus baccata",,
 "4","iogh","m","a","yew",,
 "4","iolair(e) bhuidhe","f","a","Aquila chrysaetos",,
 "4","iolair(e) bhuidhe","f","a","golden eagle",,
 "4","iolair(e) sùil na grèine","f","a","Haliaeetus albicilla",,
 "4","iolair(e) sùil na grèine","f","a","sea eagle",,
 "4","iolair(e) sùil na grèine","f","a","white-tailed eagle",,
 "4","iolair(e)-mhara","f","a","Haliaeetus albicilla",,
 "4","iolair(e)-mhara","f","a","sea eagle",,
 "4","iolair(e)-mhara","f","a","white-tailed eagle",,
 "4","iolair(e)-uisge","f","a","Pandion haliaetus",,
 "4","iolair(e)-uisge","f","a","osprey",,
 "4","iolair-iasgaich","f","a","Pandion haliaetus",,
 "4","iolair-iasgaich","f","a","osprey",,
 "4","ionaltradh anmoch","m","a","late grazing",,
 "4","iteach","m","a","plumage",,
 "4","iteodha",,"a","hemlock",,
 "4","iubar-beinne","m","a","Juniperus communis",,
 "4","iubar-beinne","m","a","juniper",,
 "4","iubhar","m","a","Taxus baccata",,
 "4","iubhar","m","a","yew",,
 "4","lach","m","a","duck (wild)",,
 "4","lach Lochlannach","f","a","Somateria mollissima",,
 "4","lach Lochlannach","f","a","eider (female)",,
 "4","lach an sgùmain","f","a","Aythya fuligula",,
 "4","lach an sgùmain","f","a","tufted duck",,
 "4","lach a’ bhlàir","f","a","Fulica atra",,
 "4","lach a’ bhlàir","f","a","coot",,
 "4","lach bheag","f","a","Anas crecca",,
 "4","lach bheag","f","a","teal",,
 "4","lach bhreac",,"a","mallard",,
 "4","lach ceann-molach","f","a","Aythya fuligula",,
 "4","lach ceann-molach","f","a","tufted duck",,
 "4","lach dhearg-cheannach","f","a","Aythya ferina",,
 "4","lach dhearg-cheannach","f","a","pochard",,
 "4","lach dhonn","f","a","Somateria mollissima",,
 "4","lach dhonn","f","a","eider (female)",,
 "4","lach fhiacailleach","f","a","goosander",,
 "4","lach ruadh","f","a","Somateria mollissima",,
 "4","lach ruadh","f","a","eider (female)",,
 "4","lach sgumanach","f","a","Aythya fuligula",,
 "4","lach sgumanach","f","a","tufted duck",,
 "4","lach-mhara","f","a","Aythya marila",,
 "4","lach-mhara","f","a","scaup",,
 "4","lach-mhàsach","f","a","Aythya ferina",,
 "4","lach-mhàsach","f","a","pochard",,
 "4","lach-stiùireach","f","a","Anas acuta",,
 "4","lach-stiùireach","f","a","pintail",,
 "4","lachadair","m","a","diver",,
 "4","lachair","f","a","Podiceps cristatus",,
 "4","lachair","f","a","diver",,
 "4","lachair","f","a","great crested grebe",,
 "4","laghairt","m","a","Lacertilia",,
 "4","laghairt","m","a","lizard",,
 "4","lagùn","f","a","lagoon",,
 "4","lamhallan","m","a","Arvicola amphibius",,
 "4","lamhallan","m","a","water vole",,
 "4","langach","m","a","Uria aalge",,
 "4","langach","m","a","guillemot",,
 "4","laogh","m","a","Cervus elaphus",,
 "4","laogh","m","a","calf of deer",,
 "4","larbha","f","a","larvae",,
 "4","lasair-choille","m","a","Carduelis carduelis",,
 "4","lasair-choille","m","a","goldfinch",,
 "4","leabaidh-shneachda","f","a","snowbed",,
 "4","leadan","m","a","Branta leucopsis",,
 "4","leadan","m","a","barnacle goose",,
 "4","leamhan","m","a","Ulmus spp.",,
 "4","leamhan","m","a","elm",,
 "4","leantainneach",,"a","renewable",,
 "4","learag","f","a","Larix spp.",,
 "4","learag","f","a","larch",,
 "4","learga","f","a","Gavia arctica",,
 "4","learga","f","a","black-throated diver",,
 "4","learga chaol","f","a","Gavia stellata",,
 "4","learga chaol","f","a","red-throated diver",,
 "4","learga dhubh","f","a","Gavia arctica",,
 "4","learga dhubh","f","a","black-throated diver",,
 "4","learga mhòr","f","a","Gavia stellata",,
 "4","learga mhòr","f","a","red-throated diver",,
 "4","learga ruadh","f","a","Gavia stellata",,
 "4","learga ruadh","f","a","red-throated diver",,
 "4","leas-abhainn","f","a","tributary",,
 "4","leptonia purpaidh","m","a","Leptonia nigroviolacea",,
 "4","leptonia purpaidh","m","a","dark purple leptonia",,
 "4","leumadair","m","a","Delphinus delphis",,
 "4","leumadair","m","a","common dolphin",,
 "4","leumadair bàn-ghobach","m","a","Lagenorhynchus albirostris",,
 "4","leumadair bàn-ghobach","m","a","white-beaked dolphin",,
 "4","leumadair cliathaich-bhàin","m","a","Lagenorhynchus acutus",,
 "4","leumadair cliathaich-bhàin","m","a","white-sided dolphin",,
 "4","leumadair cliathaich-bhàn a’ Chuain Siar","m","a","Atlantic white-sided dolphin",,
 "4","leumadair cliathaich-bhàn a’ Chuain Siar","m","a","Lagenorhynchus acutus",,
 "4","leòmann","m","a","Lepidoptera spp.",,
 "4","leòmann","m","a","moth",,
 "4","leòmann a’ chàil","m","a","Pieris brassicae",,
 "4","leòmann a’ chàil","m","a","large white moth",,
 "4","leòmann donn","m","a","Maniola jurtina",,
 "4","leòmann donn","m","a","meadow brown moth",,
 "4","leòmhann-mara","f","a","Eumetopias jubatus",,
 "4","leòmhann-mara","f","a","sea lion",,
 "4","liath",,"a","light blue",,
 "4","liath",,"a","light grey",,
 "4","liath-truisg","m","a","fieldfare",,
 "4","liathag allt","f","a","Phalaropus fulicarius",,
 "4","liathag allt","f","a","grey phalarope",,
 "4","lili nan gleann","f","a","lily of the valley",,
 "4","lioncs","m","a","lynx",,
 "4","liùgh","f","a","Pollachius pollachius",,
 "4","liùgh","f","a","lythe",,
 "4","liùgh","f","a","pollack",,
 "4","loch fìor-uisge","m","a","freshwater loch",,
 "4","lon-chraois","m","a","mayfly",,
 "4","lon-dubh",,"a","blackbird",,
 "4","lon-monaidh","m","a","Turdus torquatus",,
 "4","lon-monaidh","m","a","ring ouzel",,
 "4","lon-uisge","m","a","Cinclus cinclus",,
 "4","lon-uisge","m","a","dipper",,
 "4","losgann","m","a","common frog",,
 "4","losgann dubh","f","a","Bufo bufo",,
 "4","losgann dubh","f","a","toad",,
 "4","luachair","f","a","common rush",,
 "4","luachair coille","f","a","Luzula sylvatica",,
 "4","luachair coille","f","a","great woodrush",,
 "4","luaireag","f","a","Hydrobates pelagicus",,
 "4","luaireag","f","a","storm petrel",,
 "4","luatharan","m","a","Actitis hypoleucos",,
 "4","luatharan","m","a","common sandpiper",,
 "4","luatharan glas","m","a","sanderling",,
 "4","luatharan uaine","m","a","green sandpiper",,
 "4","luch","f","a","house mouse",,
 "4","luch-Fhrangach",,"a","brown rat",,
 "4","luch-coille","f","a","wood mouse",,
 "4","luch-fheòir","f","a","Apodemus sylvaticus",,
 "4","luch-fheòir","f","a","common field mouse",,
 "4","luchag","f","a","small mouse",,
 "4","luibh","m","a","weed",,
 "4","luibh cleite",,"a","quillwort",,
 "4","luibh cleite bog",,"a","Isoetes echinospora",,
 "4","luibh cleite bog",,"a","spring quillwort",,
 "4","luibh cleite cruaidh",,"a","Isoetes lacustris",,
 "4","luibh cleite cruaidh",,"a","quillwort",,
 "4","luibh uèireach","f","a","wireweed (non-native)",,
 "4","luibh-eòlaiche",,"a","botanist",,
 "4","luibh-eòlas","m","a","botany",,
 "4","luibheach",,"a","botanical",,
 "4","luibheanach",,"a","botanic",,
 "4","luis","f","a","quicken-tree",,
 "4","lus","m","a","plant",,
 "4","lus a' chalmain","m","a","columbine",,
 "4","lus a' chrom-chinn","m","a","daffodil",,
 "4","lus an rìgh","m","a","thyme",,
 "4","lus a’ chrodain","m","a","Scottish asphodel",,
 "4","lus a’ chrodain","m","a","Tofieldia pusilla",,
 "4","lus buidhe Bealltainn",,"a","marsh marigold",,
 "4","lus chasgadh na fala","m","a","Achillea millefolium",,
 "4","lus chasgadh na fala","m","a","yarrow",,
 "4","lus leth an t-samhraidh","m","a","wallflower",,
 "4","lus linneuis","m","a","Linnaea borealis",,
 "4","lus linneuis","m","a","twinflower",,
 "4","lus na feannaig","m","a","crowberry",,
 "4","lus na gaoithe","m","a","Anemone nemorosa",,
 "4","lus na gaoithe","m","a","wood anemone",,
 "4","lus na h-ola","m","a","Brassica napus subsp. oleifera",,
 "4","lus na h-ola","m","a","oil seed rape",,
 "4","lus na meala","m","a","honeysuckle",,
 "4","lus na nathrach","m","a","viper's bugloss",,
 "4","lus nam ban-sìth",,"a","foxglove",,
 "4","lus nam braoileag",,"a","cowberry",,
 "4","lus nam mìos","m","a","Botrychium lunaria",,
 "4","lus nam mìos","m","a","moonwort",,
 "4","lus nan coinnlean gorma","m","a","hyacinth",,
 "4","lus nan dearcag","m","a","Vaccinium myrtillus",,
 "4","lus nan dearcag","m","a","bilberry",,
 "4","lus nan dearcag","m","a","blueberry",,
 "4","lus-crè","m","a","speedwell",,
 "4","lus-ghionaich","m","a","Peltigera spp.",,
 "4","lus-ghionaich","m","a","dog lichen",,
 "4","lus-iteach thuathach","m","a","Leptometra celtica",,
 "4","lus-iteach thuathach","m","a","northern feather star",,
 "4","lus-ola","m","a","Brassica napus subsp. oleifera",,
 "4","lus-ola","m","a","oil seed rape",,
 "4","làmhaidh","m","a","Alca torda",,
 "4","làmhaidh","m","a","razorbill",,
 "4","lìrean","m","a","Eukaryota (Division) spp.",,
 "4","lìrean","m","a","algae",,
 "4","machall coille","m","a","wood avens",,
 "4","machall uisge","m","a","water avens",,
 "4","madadh-allaidh","m","a","wolf",,
 "4","madadh-cuain","m","a","orca (killer whale)",,
 "4","magairlean beag nan dealan","m","a","lesser butterfly orchid",,
 "4","maigheach","f","a","Lepus europaeus",,
 "4","maigheach","f","a","brown hare",,
 "4","maigheach bhàn","f","a","mountain hare",,
 "4","mamail","m","a","mammal",,
 "4","maoim-slèibhe","f","a","landslide",,
 "4","maoim-sneachda","f","a","avalanche",,
 "4","maor-dùthcha","m","a","ranger",,
 "4","maorach","m","a","shellfish",,
 "4","marc-raineach","f","a","buckler-fern",,
 "4","marc-raineach","f","a","male-fern",,
 "4","marc-raineach Arannach","f","a","Dryopteris pseudodisjuncta",,
 "4","marc-raineach Borrer","f","a","Borrer’s male-fern",,
 "4","marc-raineach Borrer","f","a","Dryopteris borreri",,
 "4","marc-raineach Chuimreach","f","a","Dryopteris cambrensis",,
 "4","marc-raineach Chuimreach","f","a","narrow male-fern",,
 "4","marc-raineach an t-slèibhe","f","a","Dryopteris oreades",,
 "4","marc-raineach an t-slèibhe","f","a","mountain male-fern",,
 "4","marc-raineach chaol","f","a","Dryopteris carthusiana",,
 "4","marc-raineach chaol","f","a","narrow buckler-fern",,
 "4","marc-raineach chumanta","f","a","Dryopteris filix-mas",,
 "4","marc-raineach chumanta","f","a","male-fern",,
 "4","marc-raineach nan radan","f","a","Dryopteris dilatata",,
 "4","marc-raineach nan radan","f","a","broad buckler-fern",,
 "4","marc-raineach nan radan thuathach","f","a","Dryopteris expansa",,
 "4","marc-raineach nan radan thuathach","f","a","northern buckler-fern",,
 "4","marc-raineach phreasach","f","a","Dryopteris aemula",,
 "4","marc-raineach phreasach","f","a","hay-scented buckler-fern",,
 "4","marc-raineach righinn","f","a","Dryopteris submontana",,
 "4","marc-raineach righinn","f","a","rigid buckler-fern",,
 "4","marc-raineach sgrathach","f","a","Dryopteris remota",,
 "4","marc-raineach sgrathach","f","a","scaly buckler-fern",,
 "4","mathan","m","a","bear",,
 "4","meanbh-chuileag","f","a","midge",,
 "4","meanbh-fhrìde","f","a","insect",,
 "4","meanbh-sheileach","m","a","Salix herbacea",,
 "4","meanbh-sheileach","m","a","dwarf willow",,
 "4","mearlag","f","a","Dryopteris affinis",,
 "4","mearlag","f","a","scaly male-fern",,
 "4","mial","f","a","louse",,
 "4","mial-chaorach","f","a","sheep tick",,
 "4","mial-choille","f","a","woodlouse",,
 "4","mial-fhiodha","f","a","woodworm",,
 "4","mial-uisge","f","a","water louse",,
 "4","mialtag","f","a","Nematocera spp.",,
 "4","mialtag","f","a","gnat",,
 "4","mion-luibh Shealain Nuaidh","f","a","New Zealand pygmyweed",,
 "4","mion-raineach","f","a","woodsia",,
 "4","mion-raineach ailpeach","f","a","Woodsia alpina",,
 "4","mion-raineach ailpeach","f","a","alpine woodsia",,
 "4","mion-raineach ruadh","f","a","Woodsia ilvensis",,
 "4","mion-raineach ruadh","f","a","oblong woodsia",,
 "4","mionc","m","a","American mink",,
 "4","miotagan calltainn","f","a","Hypocreopsis rhododendri",,
 "4","miotagan calltainn","f","a","hazel gloves",,
 "4","mogairlean ealaidheach","m","a","Goodyera repens",,
 "4","mogairlean ealaidheach","m","a","creeping lady’s tresses",,
 "4","moirèan","m","a","moraine",,
 "4","monadh","m","a","high lying moorland",,
 "4","monadh","m","a","mountain",,
 "4","monadh","m","a","range",,
 "4","morghan","m","a","shingle",,
 "4","muc an sgadain","f","a","fin whale",,
 "4","muc bhiorach","f","a","Tursiops truncatus",,
 "4","muc bhiorach","f","a","bottlenose dolphin",,
 "4","muc chrotach","f","a","Megaptera novaeangliae",,
 "4","muc chrotach","f","a","humpback whale",,
 "4","muc-creige","f","a","Labridae",,
 "4","muc-creige","f","a","wrasse",,
 "4","muc-creige cuthaige","f","a","Labrus mixtus",,
 "4","muc-creige cuthaige","f","a","cuckoo wrasse",,
 "4","muc-mhara","f","a","whale",,
 "4","muc-mhara Mhinceach","f","a","Minke whale",,
 "4","muc-mhara Sei","f","a","Balaenoptera borealis",,
 "4","muc-mhara Sei","f","a","Sei whale",,
 "4","muc-mhara a' chinn mhòir","f","a","pilot whale",,
 "4","muc-mhara chrotach","f","a","Megaptera novaeangliae",,
 "4","muc-mhara chrotach","f","a","humpback whale",,
 "4","muc-mhara fhiaclach","f","a","toothed whales",,
 "4","muc-mhara ghobach","f","a","Ziphiidae (Family) spp.",,
 "4","muc-mhara ghobach","f","a","beaked whale",,
 "4","muc-mhara spùtach","f","a","sperm whale",,
 "4","mucan-mara bailìn","f","a","baleen whales",,
 "4","muile-mhàg","f","a","Bufo bufo",,
 "4","muile-mhàg","f","a","toad",,
 "4","muile-mhàgach","f","a","Bufo bufo",,
 "4","muile-mhàgach","f","a","toad",,
 "4","muile-mhàgach an druim bhuidhe","f","a","Bufo calamita",,
 "4","muile-mhàgach an druim bhuidhe","f","a","natterjack toad",,
 "4","muir-bhuachaille","m","a","great northern diver",,
 "4","muir-ghèadh","m","a","bean goose",,
 "4","muir-thìreach","m","a","amphibian",,
 "4","muir-tiachd","m","a","Cnidaria spp.",,
 "4","muir-tiachd","m","a","jellyfish",,
 "4","muran","m","a","marram",,
 "4","murlach","m","a","Alcedo atthis",,
 "4","murlach","m","a","kingfisher",,
 "4","mèinnear","m","a","mineral",,
 "4","mèirneal","m","a","merlin",,
 "4","mìle-chasach","m","a","millipede",,
 "4","mòine","f","a","peat",,
 "4","mòinteach","f","a","heath",,
 "4","mòinteach","f","a","moor",,
 "4","mòinteach liath","f","a","Sphagnum spp.",,
 "4","mòinteach liath","f","a","sphagnum (moss)",,
 "4","mòr-ghil","f","a","gorge",,
 "4","mòr-ghil","f","a","ravine",,
 "4","mòr-roinn","f","a","continent",,
 "4","mòthan","m","a","Pinguicula vulgaris",,
 "4","mòthan","m","a","common butterwort",,
 "4","mùisean",,"a","cowslip",,
 "4","na solais bhòcain annasach","m","a","Catolechia wahlenbergii",,
 "4","na solais bhòcain annasach","m","a","goblin lights",,
 "4","naosg",,"a","snipe",,
 "4","nathair","f","a","snake",,
 "4","nathair feòir","f","a","Natrix natrix",,
 "4","nathair feòir","f","a","grass-snake",,
 "4","nathair-challtainn","f","a","Anguis fragilis",,
 "4","nathair-challtainn","f","a","slow-worm",,
 "4","nathair-nimhe","f","a","Vipera berus",,
 "4","nathair-nimhe","f","a","adder",,
 "4","neabhan",,"a","Corvus corax",,
 "4","neabhan",,"a","raven",,
 "4","neach-riaghlaidh fearainn","m","a","land manager",,
 "4","neachtar","m","a","nectar",,
 "4","neas","f","a","stoat",,
 "4","neas bheag","f","a","Mustela nivalis",,
 "4","neas bheag","f","a","weasel",,
 "4","neòinean","m","a","daisy",,
 "4","neòinean a' chladaich","m","a","sea pink",,
 "4","nàdar","m","a","nature",,
 "4","nàdarra",,"a","natural",,
 "4","oidhcheach",,"a","nocturnal",,
 "4","oighreachd","f","a","estate",,
 "4","oirthir","f","a","coast",,
 "4","oirthir-ghaineimh","f","a","sand-bank",,
 "4","partan tuathal","m","a","hermit crab",,
 "4","peann cleite","m","a","pen quill",,
 "4","peann-mara","m","a","sea pen",,
 "4","peileag","f","a","Phocoena phocoena",,
 "4","peileag","f","a","common porpoise",,
 "4","peucag","f","a","Pavo cristatus",,
 "4","peucag","f","a","peacock",,
 "4","pioghaid","f","a","Pica pica",,
 "4","pioghaid","f","a","magpie",,
 "4","pleandrainn",,"a","plane",,
 "4","pobhlar","m","a","Populus spp.",,
 "4","pobhlar","m","a","poplar",,
 "4","poca-salainn","m","a","Arachnida spp.",,
 "4","poca-salainn","m","a","spider",,
 "4","poibleag","f","a","Populus spp.",,
 "4","poibleag","f","a","poplar",,
 "4","poilean","m","a","pollen",,
 "4","poll-mònach","m","a","peat bog",,
 "4","pollag","f","a","pond",,
 "4","pollag","f","a","powan",,
 "4","praiseach-tràgha","f","a","Crambe maritima",,
 "4","praiseach-tràgha","f","a","sea kale",,
 "4","preachan nan cearc","m","a","Milvus milvus",,
 "4","preachan nan cearc","m","a","red kite",,
 "4","preas","m","a","bush",,
 "4","preas","m","a","shrub",,
 "4","preas an dealain-dè","m","a","buddleia",,
 "4","preaslach","m","a","undergrowth",,
 "4","preaslach seilich","m","a","willow scrub",,
 "4","pràblach","m","a","Laminaria digitata",,
 "4","pràblach","m","a","tangle (oarweed) (seaweed)",,
 "4","puinnsean","m","a","poison",,
 "4","puinnseanta",,"a","poisonous",,
 "4","purpaidh",,"a","purple",,
 "4","pùt","m","a","moorhen chick",,
 "4","rabaid","m","a","Oryctolagus cuniculus",,
 "4","rabaid","m","a","rabbit",,
 "4","radan dubh","m","a","black rat",,
 "4","radan-uisge","m","a","Arvicola amphibius",,
 "4","radan-uisge","m","a","water vole",,
 "4","raineach","f","a","fern",,
 "4","raineach Chill Airne","f","a","Killarney fern",,
 "4","raineach Chill Airne","f","a","Trichomanes speciosum",,
 "4","raineach Moire","f","a","lady-fern ",,
 "4","raineach Moire ailpeach","f","a","Athyrium distentifolium",,
 "4","raineach Moire ailpeach","f","a","alpine lady-fern",,
 "4","raineach Moire chumanta","f","a","Athyrium filix-femina",,
 "4","raineach Moire chumanta","f","a","lady-fern",,
 "4","raineach an fhàile","f","a","Oreopteris limbosperma",,
 "4","raineach an fhàile","f","a","lemon-scented fern",,
 "4","raineach chruaidh","f","a","hard-fern",,
 "4","raineach chòinnich","f","a","filmy-fern",,
 "4","raineach chòinnich MhicUilleim","f","a","Hymenophyllum wilsonii",,
 "4","raineach chòinnich MhicUilleim","f","a","Wilson's filmy-Fern",,
 "4","raineach chòinnich Tunbridge","f","a","Hymenophyllum tunbrigense",,
 "4","raineach chòinnich Tunbridge","f","a","Tunbridge filmy-fern",,
 "4","raineach dharaich","f","a","oak fern",,
 "4","raineach dharaich chloich-aoil","f","a","Gymnocarpium robertianum",,
 "4","raineach dharaich chloich-aoil","f","a","limestone oak fern",,
 "4","raineach dharaich chumanta","f","a","Gymnocarpium dryopteris",,
 "4","raineach dharaich chumanta","f","a","oak fern",,
 "4","raineach fhaidhbhile","f","a","Phegopteris connectilis",,
 "4","raineach fhaidhbhile","f","a","beech fern",,
 "4","raineach lèana","f","a","Thelypteris palustris",,
 "4","raineach lèana","f","a","marsh fern",,
 "4","raineach mhòr","f","a","Pteridium aquilinum",,
 "4","raineach mhòr","f","a","bracken",,
 "4","raineach pheirsill","f","a","Cryptogramma crispa",,
 "4","raineach pheirsill","f","a","parsley fern",,
 "4","raineach ruadh","f","a","rustyback",,
 "4","raineach rìoghail","f","a","Osmunda regalis",,
 "4","raineach rìoghail","f","a","royal fern",,
 "4","raineach uisge","f","a","Azolla filiculoides",,
 "4","raineach uisge","f","a","water fern",,
 "4","reip","n","a","Brassica napus subsp. oleifera",,
 "4","reip","n","a","oil seed rape",,
 "4","riabhag",,"a","hedge-sparrow",,
 "4","riabhag mhonaidh","f","a","Anthus pratensis",,
 "4","riabhag mhonaidh","f","a","Carduelis flavirostris",,
 "4","riabhag mhonaidh","f","a","meadow pipit",,
 "4","riabhag mhonaidh","f","a","twite",,
 "4","riabhag-choille","f","a","tree pipit",,
 "4","riabhag-mhonaidh","f","a","Anthus pratensis",,
 "4","riabhag-mhonaidh","f","a","Carduelis flavirostris",,
 "4","riabhag-mhonaidh","f","a","meadow pipit",,
 "4","riabhag-mhonaidh","f","a","twite",,
 "4","riaghailt-leasachaidh dhùthchail","f","a","rural development regulation",,
 "4","rionnach","m","a","Scomber scombrus",,
 "4","rionnach","m","a","mackerel",,
 "4","rionnag na talmhainn","f","a","Geastrum triplex",,
 "4","rionnag na talmhainn","f","a","collared earthstar",,
 "4","roid","f","a","bog-myrtle",,
 "4","ruadh",,"a","red-brown",,
 "4","ruadhag","f","a","Capreolus capreolus",,
 "4","ruadhag","f","a","roe deer",,
 "4","ruagaire ceithir-bhallach","m","a","four-spotted chaser dragonfly",,
 "4","ruagaire leathann","m","a","broad-bodied chaser dragonfly",,
 "4","ruis","f","a","Sambucus nigra",,
 "4","ruis","f","a","elder",,
 "4","ràc an arbhair","m","a","Crex crex",,
 "4","ràc an arbhair","m","a","corncrake",,
 "4","ràc an t-sìl","m","a","Crex crex",,
 "4","ràc an t-sìl","m","a","corncrake",,
 "4","ràc bàn a' chinn uaine","m","a","eider (male)",,
 "4","ròcais","f","a","Corvus frugilegus",,
 "4","ròcais","f","a","rook",,
 "4","ròin Artach","f","a","Arctic seals",,
 "4","ròin bèine","f","a","fur seals",,
 "4","ròin chluasach","f","a","eared seals",,
 "4","ròn","m","a","seal",,
 "4","ròn calaidh","f","a","Phoca vitulina",,
 "4","ròn calaidh","f","a","common seal",,
 "4","ròn calaidh","f","a","harbour seal",,
 "4","ròn clàrsaich","f","a","Phoca groenlandica",,
 "4","ròn clàrsaich","f","a","harp seal",,
 "4","ròn cumanta","f","a","Phoca vitulina",,
 "4","ròn cumanta","f","a","common seal",,
 "4","ròn cumanta","f","a","harbour seal",,
 "4","ròn curracach","f","a","Cystophora cristata",,
 "4","ròn curracach","f","a","hooded seal",,
 "4","ròn feusagach","f","a","Erignathus barbatus",,
 "4","ròn feusagach","f","a","bearded seal",,
 "4","ròn glas",,"a","grey seal",,
 "4","ròn-ailbhein a’ chinn a deas","f","a","Mirounga leonina",,
 "4","ròn-ailbhein a’ chinn a deas","f","a","southern elephant seal",,
 "4","ròs-chraobh","f","a","rhododendron",,
 "4","rù a’ bhalla","m","a","Asplenium ruta-muraria",,
 "4","rù a’ bhalla","m","a","wall-rue",,
 "4","samhradh","m","a","summer (season)",,
 "4","saoidhean","m","a","saithe",,
 "4","seabhag","f","a","hawk",,
 "4","seabhag ghorm",,"a","peregrine falcon",,
 "4","seabhag mhòr","f","a","gyrfalcon",,
 "4","seabhag-oidhche","f","a","hawk owl",,
 "4","seagair",,"a","kittiwake",,
 "4","sealastair",,"a","flag iris",,
 "4","sealg-raineach","f","a","spleenwort ",,
 "4","sealg-raineach dhubh-ghasach","f","a","Asplenium trichomanes",,
 "4","sealg-raineach dhubh-ghasach","f","a","maidenhair spleenwort",,
 "4","sealg-raineach ghobhlach","f","a","Asplenium septentrionale",,
 "4","sealg-raineach ghobhlach","f","a","forked spleenwort",,
 "4","sealg-raineach mhara","f","a","Asplenium marinum",,
 "4","sealg-raineach mhara","f","a","sea spleenwort",,
 "4","sealg-raineach ruadh","f","a","Asplenium ceterach",,
 "4","sealg-raineach ruadh","f","a","rustyback",,
 "4","sealg-raineach shleaghach","f","a","Asplenium obovatum",,
 "4","sealg-raineach shleaghach","f","a","lanceolate spleenwort",,
 "4","sealg-raineach uaine","f","a","Asplenium adiantum-nigrum",,
 "4","sealg-raineach uaine","f","a","black spleenwort",,
 "4","sealg-raineach uaine-ghasach","f","a","Asplenium viride",,
 "4","sealg-raineach uaine-ghasach","f","a","green spleenwort",,
 "4","sealladh-tire","m","a","landscape",,
 "4","seamrag","f","a","clover",,
 "4","seamrag dhearg","f","a","red clover",,
 "4","seangan","m","a","ant",,
 "4","searbhachadh a’ chuain","m","a","ocean acidification",,
 "4","searragaich","f","a","Ranunculus ficaria",,
 "4","searragaich","f","a","lesser celandine",,
 "4","seasmhach",,"a","sustainable",,
 "4","seilcheag","f","a","snail",,
 "4","seilcheag eadar-thràghaidh","f","a","Gastropoda spp.",,
 "4","seilcheag eadar-thràghaidh","f","a","intertidal snail",,
 "4","seileach","m","a","willow",,
 "4","seileach-olach","m","a","woolly willow",,
 "4","seileachan","m","a","willowherb",,
 "4","seileachan Frangach","m","a","rosebay willowherb",,
 "4","seillean","m","a","bee",,
 "4","seillean càrdair cumanta","m","a","Bombus pascuorum",,
 "4","seillean càrdair cumanta","m","a","common carder bee",,
 "4","seillean càrdair na còinnich","m","a","moss carder bee",,
 "4","seillean càrdair nan lurgann dearg","m","a","Bombus ruderarius",,
 "4","seillean càrdair nan lurgann dearg","m","a","red-shanked carder bee",,
 "4","seillean-dìomhain","m","a","Apis mellifera",,
 "4","seillean-dìomhain","m","a","drone bee",,
 "4","seillean-lunndach","m","a","Apis mellifera",,
 "4","seillean-lunndach","m","a","drone bee",,
 "4","seillean-meala","m","a","Apis mellifera",,
 "4","seillean-meala","m","a","honeybee",,
 "4","seillean-mòr","m","a","bumblebee",,
 "4","seillean-mòr an earbaill bhuidhe-bhàn","m","a","Bombus terrestris",,
 "4","seillean-mòr an earbaill bhuidhe-bhàn","m","a","buff-tailed bumblebee",,
 "4","seillean-mòr an earbaill bhàin","m","a","Bombus lucorum",,
 "4","seillean-mòr an earbaill bhàin","m","a","white tailed bumblebee",,
 "4","seillean-mòr an earbaill dheirg","m","a","Bombus lapidarius",,
 "4","seillean-mòr an earbaill dheirg","m","a","red-tailed bumblebee",,
 "4","seillean-mòr a’ bhlàir-fhraoich","m","a","Bombus jonellus",,
 "4","seillean-mòr a’ bhlàir-fhraoich","m","a","heath bumblebee",,
 "4","seillean-mòr a’ chrios bhriste","m","a","Bombus soroeensis",,
 "4","seillean-mòr a’ chrios bhriste","m","a","broken belted bumblebee",,
 "4","seillean-mòr buidhe","m","a","great yellow bumblebee",,
 "4","seillean-mòr cuthaig bharbut","m","a","Bombus (Psithyrus) barbutellus",,
 "4","seillean-mòr cuthaig bharbut","m","a","barbut's cuckoo bumblebee",,
 "4","seillean-mòr earball-bàn a’ Chinn a Tuath","m","a","Bombus magnus",,
 "4","seillean-mòr earball-bàn a’ Chinn a Tuath","m","a","northern white-tailed bumblebee",,
 "4","seillean-mòr gàrraidh","m","a","Bombus hortorum",,
 "4","seillean-mòr gàrraidh","m","a","garden bumblebee",,
 "4","seillean-mòr na cuthaig achaidh","m","a","Bombus (Psithyrus) campestris",,
 "4","seillean-mòr na cuthaig achaidh","m","a","field cuckoo bumblebee",,
 "4","seillean-mòr na cuthaig coille","m","a","Bombus (Psithyrus) sylvestris",,
 "4","seillean-mòr na cuthaig coille","m","a","forest cuckoo bumblebee",,
 "4","seillean-mòr na cuthaig shiopsaich","m","a","Bombus (Psithyrus) bohemicus",,
 "4","seillean-mòr na cuthaig shiopsaich","m","a","gypsy cuckoo bumblebee",,
 "4","seillean-mòr nan dearcan-fraoich","m","a","Bombus monticola",,
 "4","seillean-mòr nan dearcan-fraoich","m","a","bilberry bumblebee",,
 "4","seillean-mòr tràth","m","a","Bombus pratorum",,
 "4","seillean-mòr tràth","m","a","early bumblebee",,
 "4","seoc sleamhainn na learaig","m","a","Suillus grevillei",,
 "4","seoc sleamhainn na learaig","m","a","larch slippery jack",,
 "4","sgadan","m","a","herring",,
 "4","sgaireag",,"a","Larus fuscus",,
 "4","sgaireag",,"a","lesser black-backed gull",,
 "4","sgait","f","a","skate",,
 "4","sgaiteag","f","a","skate",,
 "4","sgarbh","m","a","cormorant",,
 "4","sgarbh an sgùmain","m","a","shag",,
 "4","sgarrag","f","a","skate",,
 "4","sgeama àiteachais-àrainneachd","m","a","agri-environment scheme",,
 "4","sgeap","f","a","beehive",,
 "4","sgiath",,"a","wing (of a bird or insect)",,
 "4","sgiop","f","a","beehive",,
 "4","sgitheach","m","a","Crataegus monogyna",,
 "4","sgitheach","m","a","hawthorn",,
 "4","sgitheach dubh","m","a","Prunus spinosa",,
 "4","sgitheach dubh","m","a","blackthorn",,
 "4","sglèatair",,"a","Isopoda spp.",,
 "4","sglèatair",,"a","slater",,
 "4","sgrail","f","a","Puffinus puffinus",,
 "4","sgrail","f","a","manx shearwater",,
 "4","sgrailleag","f","a","Actitis hypoleucos",,
 "4","sgrailleag","f","a","common sandpiper",,
 "4","sgreuchag-choille","f","a","jay",,
 "4","sgreuchag-oidhche","f","a","Tyto alba",,
 "4","sgreuchag-oidhche","f","a","barn owl",,
 "4","siamarlan","m","a","land agent",,
 "4","sice","f","a","Acer pseudoplatanus",,
 "4","sice","f","a","sycamore",,
 "4","sionnach",,"a","fox",,
 "4","sirist","f","a","cherry",,
 "4","slige","f","a","seashell",,
 "4","slige lasrach","f","a","Limaria hians",,
 "4","slige lasrach","f","a","flameshell",,
 "4","smeur","f","a","Rubus fruticosus agg.",,
 "4","smeur","f","a","blackberry",,
 "4","smeur","f","a","bramble",,
 "4","smeòrach","f","a","song thrush",,
 "4","smeòrach an t-sneachda",,"a","redwing",,
 "4","smeòrach ghlas",,"a","mistle thrush",,
 "4","smut","m","a","bill",,
 "4","smut","m","a","bird beak",,
 "4","smutag","f","a","coal tit",,
 "4","smàrag ghleansach","f","a","brilliant emerald dragonfly",,
 "4","smàrag na mòintich","f","a","northern emerald dragonfly",,
 "4","smàrag umha-dhathte","f","a","downy emerald dragonfly",,
 "4","snagan-allt","m","a","water rail",,
 "4","snagan-daraich","m","a","greater spotted woodpecker",,
 "4","snagan-daraich beag","m","a","Dendrocopus minor",,
 "4","snagan-daraich beag","m","a","lesser spotted woodpecker",,
 "4","snàgair","m","a","Reptilia",,
 "4","snàgair","m","a","reptile",,
 "4","snàthag","f","a","Anthus pratensis",,
 "4","snàthag","f","a","meadow pipit",,
 "4","so-ùrachaidh",,"a","renewable",,
 "4","speach","f","a","Hymenoptera spp.",,
 "4","speach","f","a","wasp",,
 "4","speireag","f","a","sparrowhawk",,
 "4","speireag ruadh","f","a","Falco tinnunculus",,
 "4","speireag ruadh","f","a","kestrel",,
 "4","spideag","f","a","Luscinia megarhynchos",,
 "4","spideag","f","a","nightingale",,
 "4","spiris","f","a","roost",,
 "4","spàg-ri-tòn","m","a","Tachybaptus ruficollis",,
 "4","spàg-ri-tòn","m","a","little grebe",,
 "4","spàgaire mòr","m","a","Podiceps cristatus",,
 "4","spàgaire mòr","m","a","great crested grebe",,
 "4","spàrr","f","a","roost",,
 "4","spèirlinn","m","a","Osperus eperlanus",,
 "4","spèirlinn","m","a","sparling",,
 "4","sruth","m","a","current",,
 "4","sruth","m","a","river",,
 "4","sruth","m","a","stream",,
 "4","stamh","m","a","Laminaria digitata",,
 "4","stamh","m","a","tangle (oarweed) (seaweed)",,
 "4","stangar","m","a","gasterosteidae",,
 "4","stangar","m","a","stickleback",,
 "4","staoin","f","a","Juniperus communis",,
 "4","staoin","f","a","juniper",,
 "4","starrag ghlas","f","a","Corvus cornix",,
 "4","starrag ghlas","f","a","hooded crow",,
 "4","steàrnag chumanta","f","a","Sterna hirundo",,
 "4","steàrnag chumanta","f","a","common tern",,
 "4","steàrnan",,"a","arctic tern",,
 "4","steàrnan beag","m","a","little tern",,
 "4","steàrnan mòr","m","a","sandwich tern",,
 "4","streupach","m","a","treecreeper",,
 "4","strianach","m","a","Meles meles",,
 "4","strianach","m","a","badger",,
 "4","stuagh","f","a","wave",,
 "4","sìol-gainmhich","m","a","sandeel",,
 "4","sìolag","f","a","sandeel",,
 "4","sìolta bhreac","f","a","smew",,
 "4","sìolta dhearg","f","a","red-breasted merganser",,
 "4","sòbhrach","f","a","primrose",,
 "4","sùbh-craoibh","m","a","raspberry",,
 "4","sùlaire",,"a","gannet",,
 "4","sùmainn","f","a","swell (of the sea)",,
 "4","sùrdagan breac","f","a","Carterocephalus palaemon",,
 "4","sùrdagan breac","f","a","chequered skipper butterfly",,
 "4","tachair","m","a","Eukaryota (Division) spp.",,
 "4","tachair","m","a","algae",,
 "4","taghan","m","a","pine marten",,
 "4","talamh","m","a","land",,
 "4","talamh fliuch","m","a","wetland",,
 "4","talamh fluich ìosal","m","a","lowland wetland",,
 "4","talamh-feòir","m","a","grassland",,
 "4","talamh-àitich","m","a","arable land",,
 "4","talamh-àitich","m","a","cultivated land",,
 "4","tarbh-nathrach","m","a","dragonfly",,
 "4","tarbh-nathrach a' Chinn a Deas","m","a","Southern hawker dragonfly",,
 "4","tarbh-nathrach ballach","m","a","migrant hawker dragonfly",,
 "4","tarbh-nathrach dìollaideach","m","a","vagrant emperor dragonfly",,
 "4","tarbh-nathrach gaoisideach","m","a","hairy dragonfly",,
 "4","tarbh-nathrach gathair cumanta","m","a","common/ Highland darter dragonfly",,
 "4","tarbh-nathrach gathair dearg-fhèitheach","m","a","red-veined darter dragonfly",,
 "4","tarbh-nathrach liath","m","a","azure hawker dragonfly",,
 "4","tarbh-nathrach nan cuilcean","m","a","common hawker dragonfly",,
 "4","tarbh-nathrach ruadh","m","a","brown hawker dragonfly",,
 "4","tarbh-nathrach uachdarair dìreach","m","a","keeled skimmer dragonfly",,
 "4","tarbh-nathrach ìmpireil","m","a","emperor dragonfly",,
 "4","tarbh-nathrach òrfhàinneach","m","a","golden-ringed dragonfly",,
 "4","teanga an fhèidh","f","a","Asplenium scolopendrium",,
 "4","teanga an fhèidh","f","a","hart's-tongue",,
 "4","teanga nathrach bheag","f","a","Ophioglossum azoricum",,
 "4","teanga nathrach bheag","f","a","small adder’s-tongue",,
 "4","teanga nathrach chumanta","f","a","Ophioglossum vulgatum",,
 "4","teanga nathrach chumanta","f","a","adder’s-tongue",,
 "4","tearc",,"a","rare",,
 "4","tonn","m","a","wave",,
 "4","toranach","m","a","grub",,
 "4","torc fiadhaich","m","a","wild boar",,
 "4","traon","m","a","Crex crex",,
 "4","traon","m","a","corncrake",,
 "4","trosg","m","a","Gadus morhua",,
 "4","trosg","m","a","cod",,
 "4","truailleadh",,"a","pollution",,
 "4","tràigh","f","a","sandy beach",,
 "4","trìlleachan","m","a","Haematopus ostralegus",,
 "4","trìlleachan","m","a","oystercatcher",,
 "4","trìlleachan beag","m","a","Arenaria interpres",,
 "4","trìlleachan beag","m","a","turnstone",,
 "4","trìlleachan glas","m","a","Scolopacidae spp.",,
 "4","trìlleachan glas","m","a","sandpiper",,
 "4","tuil","f","a","flood",,
 "4","tuilleag","f","a","Stercorarius skua",,
 "4","tuilleag","f","a","great skua",,
 "4","tunnag","f","a","duck (domestic)",,
 "4","turtar","f","a","Chelonioidea (Superfamily) spp.",,
 "4","turtar","f","a","turtle",,
 "4","turtar Kemp's Ridley","m","a","Kemp's Ridley turtle",,
 "4","turtar Kemp's Ridley","m","a","Lepidochelys kempii",,
 "4","turtar a’ chinn mhòir","f","a","Caretta caretta",,
 "4","turtar a’ chinn mhòir","f","a","loggerhead turtle",,
 "4","turtar druim-leathair","m","a","Dermochelys coriacea",,
 "4","turtar druim-leathair","m","a","leatherback turtle",,
 "4","tàrmachan","m","a","ptarmigan",,
 "4","tàrr Artaigeach","m","a","Arctic charr",,
 "4","tàrr Artaigeach","m","a","Salvelinus alpinus",,
 "4","tèarmann bith-chruinne",,"a","biosphere reserve",,
 "4","tèarmann eòin",,"a","bird reserve",,
 "4","tìodhlac na mara","m","a","oysterplant",,
 "4","tùs-uisge","m","a","headwater",,
 "4","uaine",,"a","green",,
 "4","uamh","f","a","cave",,
 "4","uath",,"a","hawthorn-tree",,
 "4","uinnseann","m","a","ash",,
 "4","uiseag","f","a","skylark",,
 "4","uisge","m","a","water",,
 "4","uisge-aiteimh","m","a","meltwater",,
 "4","ultag","f","a","Saxicola rubetra",,
 "4","ultag","f","a","whinchat",,
 "4","Òrdugh Eun Fiadhaich","m","a","Wildbirds Directive (the)",,
 "4","Òrdugh Àrainnean","m","a","Habitats Directive",,
 "4","Ùghdarras Ionadail","m","a","Local Authority",,
 "4","àidseant fearainn","m","a","land agent",,
 "4","àirneag","f","a","Prunus spinosa",,
 "4","àirneag","f","a","sloe berry",,
 "4","àiteachas","m","a","agriculture",,
 "4","àrainn","f","a","habitat",,
 "4","àrainneachd","f","a","environment ",,
 "4","òigh a’ chladaich","f","a","Silene uniflora",,
 "4","òigh a’ chladaich","f","a","sea campion",,
 "4","òigheag bhrèagha","f","a","beautiful demoiselle damselfly",,
 "4","òigheag ghleansach","f","a","banded demoiselle damselfly",,
 "4","ùir","f","a","soil",,
