1,Dàin do Eimhir,,,1941
1-1,I,1,1_Daain_do_Eimhir/I.xml,
1-10,X,1,1_Daain_do_Eimhir/X.xml,
1-11,XI,1,1_Daain_do_Eimhir/XI.xml,
1-12,XII,1,1_Daain_do_Eimhir/XII.xml,
1-13,XIII,1,1_Daain_do_Eimhir/XIII.xml,
1-14,XIV – Reic Anama,1,1_Daain_do_Eimhir/XIV_Reic_Anama.xml,
1-15,XV – Trì Slighean,1,1_Daain_do_Eimhir/XV_Trii_Slighean.xml,
1-16,XVI,1,1_Daain_do_Eimhir/XVI.xml,
1-17,XVII,1,1_Daain_do_Eimhir/XVII.xml,
1-18,XVIII – Ùrnaigh,1,1_Daain_do_Eimhir/XVIII_UUrnaigh.xml,
1-19,XIX,1,1_Daain_do_Eimhir/XIX.xml,
1-2,II – A Chiall ’s a Ghràidh,1,1_Daain_do_Eimhir/II_A_Chiall_s_a_ghraaidh.xml,
1-20,XX,1,1_Daain_do_Eimhir/XX.xml,
1-21,XXI,1,1_Daain_do_Eimhir/XXI.xml,
1-22,XXII,1,1_Daain_do_Eimhir/XXII.xml,
1-23,XXIII,1,1_Daain_do_Eimhir/XXIII.xml,
1-24,XXIV,1,1_Daain_do_Eimhir/XXIV.xml,
1-25,XXV,1,1_Daain_do_Eimhir/XXV.xml,
1-26,XXVI,1,1_Daain_do_Eimhir/XXVI.xml,
1-27,XXVII,1,1_Daain_do_Eimhir/XXVII.xml,
1-28,XXVIII – Na Samhlaidhean,1,1_Daain_do_Eimhir/XXVIII_Na_Samhlaidhean.xml,
1-29,XXIX – Coin is Madaidhean-allaidh,1,1_Daain_do_Eimhir/XXIX_Coin_is_Madaidhean-allaidh.xml,
1-3,III,1,1_Daain_do_Eimhir/III.xml,
1-30,XXX,1,1_Daain_do_Eimhir/XXX.xml,
1-31,XXXI,1,1_Daain_do_Eimhir/XXXI.xml,
1-32,XXXII,1,1_Daain_do_Eimhir/XXXII.xml,
1-33,XXXIII,1,1_Daain_do_Eimhir/XXXIII.xml,
1-34,XXXIV,1,1_Daain_do_Eimhir/XXXIV.xml,
1-35,XXXV,1,1_Daain_do_Eimhir/XXXV.xml,
1-36,XXXVI,1,1_Daain_do_Eimhir/XXXVI.xml,
1-37,XXXVII,1,1_Daain_do_Eimhir/XXXVII.xml,
1-38,XXXVIII,1,1_Daain_do_Eimhir/XXXVIII.xml,
1-39,XXXIX,1,1_Daain_do_Eimhir/XXXIX.xml,
1-4,IV,1,1_Daain_do_Eimhir/IV.xml,
1-40,XL,1,1_Daain_do_Eimhir/XL.xml,
1-41,XLI,1,1_Daain_do_Eimhir/XLI.xml,
1-42,XLII – Tràighean,1,1_Daain_do_Eimhir/XLII_Traaighean.xml,
1-43,XLIII,1,1_Daain_do_Eimhir/XLIII.xml,
1-44,XLIV,1,1_Daain_do_Eimhir/XLIV.xml,
1-45,XLV,1,1_Daain_do_Eimhir/XLV.xml,
1-46,XLVI,1,1_Daain_do_Eimhir/XLVI.xml,
1-47,XLVII,1,1_Daain_do_Eimhir/XLVII.xml,
1-48,XLVIII,1,1_Daain_do_Eimhir/XLVIII.xml,
1-49,XLIX,1,1_Daain_do_Eimhir/XLIX.xml,
1-5,V,1,1_Daain_do_Eimhir/V.xml,
1-50,L,1,1_Daain_do_Eimhir/L.xml,
1-51,LI,1,1_Daain_do_Eimhir/LI.xml,
1-52,LII,1,1_Daain_do_Eimhir/LII.xml,
1-53,LIII,1,1_Daain_do_Eimhir/LIII.xml,
1-54,LIV,1,1_Daain_do_Eimhir/LIV.xml,
1-55,LV,1,1_Daain_do_Eimhir/LV.xml,
1-56,LVI,1,1_Daain_do_Eimhir/LVI.xml,
1-57,LVII,1,1_Daain_do_Eimhir/LVII.xml,
1-58,LVIII,1,1_Daain_do_Eimhir/LVIII.xml,
1-59,LIX,1,1_Daain_do_Eimhir/LIX.xml,
1-6,VI,1,1_Daain_do_Eimhir/VI.xml,
1-60,LX,1,1_Daain_do_Eimhir/LX.xml,
1-61,Dimitto,1,1_Daain_do_Eimhir/Dimitto.xml,
1-8,VIII,1,1_Daain_do_Eimhir/VIII.xml,
1-9,IX,1,1_Daain_do_Eimhir/IX.xml,
10,Coimhead air an Taigh-dubh ann an Arnol,,10_Coimhead_air_an_Taigh-dubh_ann_an_Arnol.xml,1994
11,Am Fear Meadhanach,,,1975
11-0,[],11,11_Am_Fear_Meadhanach/0.xml,
11-1,1.,11,11_Am_Fear_Meadhanach/1.xml,
11-2,2.,11,11_Am_Fear_Meadhanach/2.xml,
11-3,3.,11,11_Am_Fear_Meadhanach/3.xml,
11-4,4.,11,11_Am_Fear_Meadhanach/4.xml,
11-5,5.,11,11_Am_Fear_Meadhanach/5.xml,
11-6,6.,11,11_Am_Fear_Meadhanach/6.xml,
12,Croitearachd: Taghadh de dh’uidheam obair fearainn às na h-Eileanan an Iar,,12_Croitearachd.xml,1991
13,Iasgach: Taghadh de dh’uidheam iasgaich às na h-Eileanan an Iar,,13_Iasgach.xml,1991
14,A’ Sireadh an Sgadain,,,1990
14-0,Roimh-Radh,14,14_Sireadh_an_Sgadain/Roimh-Radh.xml,
14-1,I. Seumas Ruairidh – Caibeidil 1,14,14_Sireadh_an_Sgadain/I-1.xml,
14-10,II. Mairead Og – Caibeidil 2,14,14_Sireadh_an_Sgadain/II-2.xml,
14-11,II. Mairead Og – Caibeidil 3,14,14_Sireadh_an_Sgadain/II-3.xml,
14-12,II. Mairead Og – Caibeidil 4,14,14_Sireadh_an_Sgadain/II-4.xml,
14-13,II. Mairead Og – Caibeidil 5,14,14_Sireadh_an_Sgadain/II-5.xml,
14-14,II. Mairead Og – Caibeidil 6,14,14_Sireadh_an_Sgadain/II-6.xml,
14-15,II. Mairead Og – Caibeidil 7,14,14_Sireadh_an_Sgadain/II-7.xml,
14-2,I. Seumas Ruairidh – Caibeidil 2,14,14_Sireadh_an_Sgadain/I-2.xml,
14-3,I. Seumas Ruairidh – Caibeidil 3,14,14_Sireadh_an_Sgadain/I-3.xml,
14-4,I. Seumas Ruairidh – Caibeidil 4,14,14_Sireadh_an_Sgadain/I-4.xml,
14-5,I. Seumas Ruairidh – Caibeidil 5,14,14_Sireadh_an_Sgadain/I-5.xml,
14-6,I. Seumas Ruairidh – Caibeidil 6,14,14_Sireadh_an_Sgadain/I-6.xml,
14-7,I. Seumas Ruairidh – Caibeidil 7,14,14_Sireadh_an_Sgadain/I-7.xml,
14-8,I. Seumas Ruairidh – Caibeidil 8,14,14_Sireadh_an_Sgadain/I-8.xml,
14-9,II. Mairead Og – Caibeidil 1,14,14_Sireadh_an_Sgadain/II-1.xml,
16,Spuirean na h-Iolaire,,,1989
16-1,Pàirce an Taobh an Iar,16,16_Spuirean_na_h-Iolaire/1_Paairce_an_Taobh_an_Iar.xml,
16-10,Caidreachas na h-Iolaire,16,16_Spuirean_na_h-Iolaire/10_Caidreachas_na_h-Iolaire.xml,
16-11,Sgàil a’ Bhàis,16,16_Spuirean_na_h-Iolaire/11_Sgaail_a_Bhaais.xml,
16-12,An Càrn Dubh,16,16_Spuirean_na_h-Iolaire/12_An_Caarn_Dubh.xml,
16-13,An Cadha Dorcha,16,16_Spuirean_na_h-Iolaire/13_An_Cadha_Dorcha.xml,
16-14,Taigh na Bruaiche,16,16_Spuirean_na_h-Iolaire/14_Taigh_na_Bruaiche.xml,
16-15,‘Clinker’,16,16_Spuirean_na_h-Iolaire/15_Clinker.xml,
16-16,Clann nan Gaidheal,16,16_Spuirean_na_h-Iolaire/16_Clann_nan_Gaidheal.xml,
16-17,An Guaillean a Chèile,16,16_Spuirean_na_h-Iolaire/17_An_Guaillean_a_Cheeile.xml,
16-18,Deireadh Gnothaich,16,16_Spuirean_na_h-Iolaire/18_Deireadh_Gnothaich.xml,
16-2,Fear na Seacaid Uaine,16,16_Spuirean_na_h-Iolaire/2_Fear_na_Seacaid_Uaine.xml,
16-3,Tè nan Sùilean Donn,16,16_Spuirean_na_h-Iolaire/3_Tee_nan_Suuilean_Donn.xml,
16-4,‘Angel Eyes’,16,16_Spuirean_na_h-Iolaire/4_Angel_Eyes.xml,
16-5,Donnchadh MacPhàil,16,16_Spuirean_na_h-Iolaire/5_Donnchadh_MacPhaail.xml,
16-6,Fear na Deise Loirich,16,16_Spuirean_na_h-Iolaire/6_Fear_na_Deise_Loirich.xml,
16-7,Fàileadh an Uilc,16,16_Spuirean_na_h-Iolaire/7_Faaileadh_an_Uilc.xml,
16-8,A’ Chaileag-Fhrithealaidh Bheag,16,16_Spuirean_na_h-Iolaire/8_A_Chaileag-Fhrithealaidh_Bheag.xml,
16-9,Oidhche Chiùil,16,16_Spuirean_na_h-Iolaire/9_Oidhche_Chiuuil.xml,
160,Leabhraiche an t-Seann Tiomnaidh,,,1783
160-1,Earrann I,160,,
160-1-1,Genesis,160-1,,
160-1-1-1,Caibideil I,160-1-1,160_Seann_Tiomnadh/1/1_Genesis/1.xml,
160-1-1-10,Caibideil X,160-1-1,160_Seann_Tiomnadh/1/1_Genesis/10.xml,
160-1-1-11,Caibideil XI,160-1-1,160_Seann_Tiomnadh/1/1_Genesis/11.xml,
160-1-1-12,Caibideil XII,160-1-1,160_Seann_Tiomnadh/1/1_Genesis/12.xml,
160-1-1-13,Caibideil XIII,160-1-1,160_Seann_Tiomnadh/1/1_Genesis/13.xml,
160-1-1-14,Caibideil XIV,160-1-1,160_Seann_Tiomnadh/1/1_Genesis/14.xml,
160-1-1-15,Caibideil XV,160-1-1,160_Seann_Tiomnadh/1/1_Genesis/15.xml,
160-1-1-16,Caibideil XVI,160-1-1,160_Seann_Tiomnadh/1/1_Genesis/16.xml,
160-1-1-17,Caibideil XVII,160-1-1,160_Seann_Tiomnadh/1/1_Genesis/17.xml,
160-1-1-18,Caibideil XVIII,160-1-1,160_Seann_Tiomnadh/1/1_Genesis/18.xml,
160-1-1-19,Caibideil XIX,160-1-1,160_Seann_Tiomnadh/1/1_Genesis/19.xml,
160-1-1-2,Caibideil II,160-1-1,160_Seann_Tiomnadh/1/1_Genesis/2.xml,
160-1-1-20,Caibideil XX,160-1-1,160_Seann_Tiomnadh/1/1_Genesis/20.xml,
160-1-1-3,Caibideil III,160-1-1,160_Seann_Tiomnadh/1/1_Genesis/3.xml,
160-1-1-4,Caibideil IV,160-1-1,160_Seann_Tiomnadh/1/1_Genesis/4.xml,
160-1-1-5,Caibideil V,160-1-1,160_Seann_Tiomnadh/1/1_Genesis/5.xml,
160-1-1-6,Caibideil VI,160-1-1,160_Seann_Tiomnadh/1/1_Genesis/6.xml,
160-1-1-7,Caibideil VII,160-1-1,160_Seann_Tiomnadh/1/1_Genesis/7.xml,
160-1-1-8,Caibideil VIII,160-1-1,160_Seann_Tiomnadh/1/1_Genesis/8.xml,
160-1-1-9,Caibideil IX,160-1-1,160_Seann_Tiomnadh/1/1_Genesis/9.xml,
160-1-2,Ecsodus,160-1,,
160-1-3,Lebhiticus,160-1,,
160-1-4,Aireamh,160-1,,
160-1-5,Deuteronomi,160-1,,
160-2,Earrann II,160,,
160-3,Earrann III,160,,
160-4,Earrann IV,160,,
198,An t-Aonaran,,,1976
198-1,1,198,198_An_t-Aonaran/1.xml,
198-10,10,198,198_An_t-Aonaran/10.xml,
198-11,11,198,198_An_t-Aonaran/11.xml,
198-12,12,198,198_An_t-Aonaran/12.xml,
198-13,13,198,198_An_t-Aonaran/13.xml,
198-14,14,198,198_An_t-Aonaran/14.xml,
198-15,15,198,198_An_t-Aonaran/15.xml,
198-16,16,198,198_An_t-Aonaran/16.xml,
198-17,17,198,198_An_t-Aonaran/17.xml,
198-2,2,198,198_An_t-Aonaran/2.xml,
198-3,3,198,198_An_t-Aonaran/3.xml,
198-4,4,198,198_An_t-Aonaran/4.xml,
198-5,5,198,198_An_t-Aonaran/5.xml,
198-6,6,198,198_An_t-Aonaran/6.xml,
198-7,7,198,198_An_t-Aonaran/7.xml,
198-8,8,198,198_An_t-Aonaran/8.xml,
198-9,9,198,198_An_t-Aonaran/9.xml,
2,Sgeulachdan Dhòmhnaill Alasdair,,,2001
2-1,A’ Chaora Dhubh,2,2_Sgeulachdan_Dhoomhnaill_Alasdair/1_A_Chaora_Dhubh.xml,
2-10,Cruaidh-fhortan Bhriain,2,2_Sgeulachdan_Dhoomhnaill_Alasdair/10_Cruaidh-fhortan_Bhriain.xml,
2-11,Dà Chaora Dhubh,2,2_Sgeulachdan_Dhoomhnaill_Alasdair/11_Daa_Chaora_Dhubh.xml,
2-12,Dìoghaltas Syd Scot,2,2_Sgeulachdan_Dhoomhnaill_Alasdair/12_Diioghaltas_Syd_Scot.xml,
2-13,Dìomhaireachd nan Dotairean,2,2_Sgeulachdan_Dhoomhnaill_Alasdair/13_Diiomhaireachd_nan_Dotairean.xml,
2-14,Droch Bhliadhna san Sgoil,2,2_Sgeulachdan_Dhoomhnaill_Alasdair/14_Droch_Bhliadhna_san_Sgoil.xml,
2-15,Eucoir agus Peanasachadh,2,2_Sgeulachdan_Dhoomhnaill_Alasdair/15_Eucoir_agus_Peanasachadh.xml,
2-16,Eudach,2,2_Sgeulachdan_Dhoomhnaill_Alasdair/16_Eudach.xml,
2-17,Fear na Bainnse,2,2_Sgeulachdan_Dhoomhnaill_Alasdair/17_Fear_na_Bainnse.xml,
2-18,Gaisgeach Dùthchail,2,2_Sgeulachdan_Dhoomhnaill_Alasdair/18_Gaisgeach_Duuthchail.xml,
2-19,Iasgach nan Giomach,2,2_Sgeulachdan_Dhoomhnaill_Alasdair/19_Iasgach_nan_Giomach.xml,
2-2,A’ Chiad Rong san Fhàradh,2,2_Sgeulachdan_Dhoomhnaill_Alasdair/2_A_Chiad_Rong_san_Fhaaradh.xml,
2-20,Mata agus Lùcas,2,2_Sgeulachdan_Dhoomhnaill_Alasdair/20_Mata_agus_Lucas.xml,
2-21,Pòsadh ‘Smart Ailig’,2,2_Sgeulachdan_Dhoomhnaill_Alasdair/21_Poosadh_Smart_Ailig.xml,
2-22,Rob an Deucoin,2,2_Sgeulachdan_Dhoomhnaill_Alasdair/22_Rob_an_Deucoin.xml,
2-23,Saighead an Tighearna,2,2_Sgeulachdan_Dhoomhnaill_Alasdair/23_Saighead_an_Tighearna.xml,
2-24,Toiseach a’ Shòlais,2,2_Sgeulachdan_Dhoomhnaill_Alasdair/24_Toiseach_a_Shoolais.xml,
2-3,Am Preas Aodaich,2,2_Sgeulachdan_Dhoomhnaill_Alasdair/3_Am_Preas_Aodaich.xml,
2-4,An Còirneal,2,2_Sgeulachdan_Dhoomhnaill_Alasdair/4_An_Cooirneal.xml,
2-5,An Dalta,2,2_Sgeulachdan_Dhoomhnaill_Alasdair/5_An_Dalta.xml,
2-6,An Lannsair Chraobhan,2,2_Sgeulachdan_Dhoomhnaill_Alasdair/6_An_Lannsair_Chraobhan.xml,
2-7,Aonghas Thuilm,2,2_Sgeulachdan_Dhoomhnaill_Alasdair/7_Aonghas_Thuilm.xml,
2-8,Ciste a’ Chaiptein,2,2_Sgeulachdan_Dhoomhnaill_Alasdair/8_Ciste_a_Chaiptein.xml,
2-9,Cogais Ghoirt,2,2_Sgeulachdan_Dhoomhnaill_Alasdair/9_Cogais_Ghoirt.xml,
28,Air Mo Chuairt,,,1982
28-0,[Taing],28,28_Air_Mo_Chuairt/Taing.xml,
28-1,Tus M’Oige,28,28_Air_Mo_Chuairt/Tus_M_Oige.xml,
28-2,Fagail Bharraigh,28,28_Air_Mo_Chuairt/Fagail_Bharraigh.xml,
28-3,Aig mo Chosnadh,28,28_Air_Mo_Chuairt/Aig_mo_Chosnadh.xml,
28-4,Air Ais a Bhatarsaigh,28,28_Air_Mo_Chuairt/Air_Ais_a_Bhatarsaigh.xml,
28-5,An Deidh na Raimh a Shaoradh,28,28_Air_Mo_Chuairt/An_Deidh_na_Raimh_a_Shaoradh.xml,
3,Smuaintean fo Éiseabhal,,,2000
3-1,Am Bàrd,3,3_Smuaintean_fo_EEiseabhal/Am_Baard.xml,
3-10,Dealbh Camilla,3,3_Smuaintean_fo_EEiseabhal/Dealbh_Camilla.xml,
3-11,Don Bhean Phòsta Jacqueline Marsh,3,3_Smuaintean_fo_EEiseabhal/Don_Bhean_Phoosta_Jacqueline_Marsh.xml,
3-12,Do Mhàiri NicillEathain Griomsaigh,3,3_Smuaintean_fo_EEiseabhal/Do_Mhaairi_NicillEathain_Griomsaigh.xml,
3-13,Fàilt’ an t-Sagairt Òig,3,3_Smuaintean_fo_EEiseabhal/Faailt_an_t-Sagairt_OOig.xml,
3-14,Don Té Rinn Tighinn gam Fheòraich Dhachaigh,3,3_Smuaintean_fo_EEiseabhal/Don_Tee_Rinn_Tighinn.xml,
3-15,Eich Éirisgeigh,3,3_Smuaintean_fo_EEiseabhal/Eich_EEirisgeigh.xml,
3-16,Éiseabhal,3,3_Smuaintean_fo_EEiseabhal/EEiseabhal.xml,
3-17,Eilean Uibhist,3,3_Smuaintean_fo_EEiseabhal/Eilean_Uibhist.xml,
3-18,Éiseabhal Stùcach,3,3_Smuaintean_fo_EEiseabhal/EEiseabhal_Stuucach.xml,
3-19,Tìr nan Raon,3,3_Smuaintean_fo_EEiseabhal/Tiir_nan_Raon.xml,
3-2,An Rocaid,3,3_Smuaintean_fo_EEiseabhal/An_Rocaid.xml,
3-20,Mìosan na Bliadhna,3,,
3-20-1,Am Faoilteach,3-20,3_Smuaintean_fo_EEiseabhal/Am_Faoilteach.xml,
3-20-10,An Dàmhair,3-20,3_Smuaintean_fo_EEiseabhal/An_Daamhair.xml,
3-20-11,An t-Samhain,3-20,3_Smuaintean_fo_EEiseabhal/An_t-Samhain.xml,
3-20-12,An Dùbhlachd,3-20,3_Smuaintean_fo_EEiseabhal/An_Duubhlachd.xml,
3-20-2,An Gearran,3-20,3_Smuaintean_fo_EEiseabhal/An_Gearran.xml,
3-20-3,Am Màrt,3-20,3_Smuaintean_fo_EEiseabhal/Am_Maart.xml,
3-20-4,A’ Ghiblin,3-20,3_Smuaintean_fo_EEiseabhal/A_Ghiblin.xml,
3-20-5,Am Màigh,3-20,3_Smuaintean_fo_EEiseabhal/Am_Maaigh.xml,
3-20-6,An t-Ògmhios,3-20,3_Smuaintean_fo_EEiseabhal/An_t-OOgmhios.xml,
3-20-7,An t-Iuchar,3-20,3_Smuaintean_fo_EEiseabhal/An_t-Iuchar.xml,
3-20-8,An Lùnastal,3-20,3_Smuaintean_fo_EEiseabhal/An_Luunastal.xml,
3-20-9,An t-Sultuine,3-20,3_Smuaintean_fo_EEiseabhal/An_t-Sultuine.xml,
3-21,Mo Reul Iùil,3,3_Smuaintean_fo_EEiseabhal/Mo_Reul_Iuuil.xml,
3-22,Òran Step,3,3_Smuaintean_fo_EEiseabhal/OOran_Step.xml,
3-23,Freagairt Raonaid,3,3_Smuaintean_fo_EEiseabhal/Freagairt_Raonaid.xml,
3-24,An Co-dhùnadh,3,3_Smuaintean_fo_EEiseabhal/An_Co-dhuunadh.xml,
3-25,Triall na h-Ùine,3,3_Smuaintean_fo_EEiseabhal/Triall_na_h-UUine.xml,
3-26,Sgeulachdan nan Taighean-céilidh,3,3_Smuaintean_fo_EEiseabhal/Sgeulachdan_nan_Taighean-ceeilidh.xml,
3-27,Taigh Tasgaidh Chill Donnain,3,3_Smuaintean_fo_EEiseabhal/Taigh_Tasgaidh_Chill_Donnain.xml,
3-28,Seann Taigh-Solais Chalbhaigh,3,3_Smuaintean_fo_EEiseabhal/Seann_Taigh-Solais_Chalbhaigh.xml,
3-29,A’ Ghàidhlig,3,3_Smuaintean_fo_EEiseabhal/A_Ghaaidhlig.xml,
3-3,An t-Eun Fuadain,3,3_Smuaintean_fo_EEiseabhal/An_t-Eun_Fuadain.xml,
3-30,A’ Ghaoth an-Iar,3,3_Smuaintean_fo_EEiseabhal/A_Ghaoth_an-Iar.xml,
3-31,Am Faoilteach 1984,3,3_Smuaintean_fo_EEiseabhal/Am_Faoilteach_1984.xml,
3-32,An Sgurra Beag,3,3_Smuaintean_fo_EEiseabhal/An_Sgurra_Beag.xml,
3-33,Cluaintean Éiseabhail,3,3_Smuaintean_fo_EEiseabhal/Cluaintean_EEiseabhail.xml,
3-34,An t-Seann Chaora,3,3_Smuaintean_fo_EEiseabhal/An_t-Seann_Chaora.xml,
3-35,Angela,3,3_Smuaintean_fo_EEiseabhal/Angela.xml,
3-36,Ar Crìoch,3,3_Smuaintean_fo_EEiseabhal/Ar_Criioch.xml,
3-37,Chì Mi Bhuam,3,3_Smuaintean_fo_EEiseabhal/Chii_Mi_Bhuam.xml,
3-38,Chan eil Sinn gun Sùgradh,3,3_Smuaintean_fo_EEiseabhal/Chan_eil_Sinn_gun_Suugradh.xml,
3-39,Creag na Cuthaig,3,3_Smuaintean_fo_EEiseabhal/Creag_na_Cuthaig.xml,
3-4,Cha Mhór tha ri Àireamh,3,3_Smuaintean_fo_EEiseabhal/Cha_Mhoor_tha_ri_AAireamh.xml,
3-40,Creag nan Sealbhag,3,3_Smuaintean_fo_EEiseabhal/Creag_nan_Sealbhag.xml,
3-41,Fuaim an t-Saaile,3,3_Smuaintean_fo_EEiseabhal/Fuaim_an_t-Saaile.xml,
3-42,Maighdeann Ghrinn Loch Cheàrsanais,3,3_Smuaintean_fo_EEiseabhal/Maighdinn_Ghrinn_Loch_Cheaarsanais.xml,
3-43,Loch Cheàrsanais,3,3_Smuaintean_fo_EEiseabhal/Loch_Cheaarsanais.xml,
3-44,Mairead Chaimbeul,3,3_Smuaintean_fo_EEiseabhal/Mairead_Chaimbeul.xml,
3-45,Cuairt a dh’Eilean na h-Òige,3,3_Smuaintean_fo_EEiseabhal/Cuairt_a_dh_Eilean_na_h_OOige.xml,
3-46,Màiri,3,3_Smuaintean_fo_EEiseabhal/Maairi.xml,
3-47,Na Solais Ùra,3,3_Smuaintean_fo_EEiseabhal/Na_Solais_UUra.xml,
3-48,Mar a dh’Fhiosraich Mi Thu,3,3_Smuaintean_fo_EEiseabhal/Mar_a_dh_Fhiosraich_Mi_Thu.xml,
3-49,Mo Dhùrachd Thu Thilleadh,3,3_Smuaintean_fo_EEiseabhal/Mo_Dhuurachd_Thu_Thilleadh.xml,
3-5,Caochladh,3,3_Smuaintean_fo_EEiseabhal/Caochladh.xml,
3-50,Ròs na Mórchuis,3,3_Smuaintean_fo_EEiseabhal/Roos_na_Moorchuis.xml,
3-51,Taobh Deas Loch Baghasdail,3,3_Smuaintean_fo_EEiseabhal/Taobh_Deas_Loch_Baghasdal.xml,
3-52,Orasaigh,3,3_Smuaintean_fo_EEiseabhal/Orasaigh.xml,
3-53,Sgòrr an Fhéidh,3,3_Smuaintean_fo_EEiseabhal/Sgoorr_an_Fheeidh.xml,
3-54,Siubhal Chluaintean,3,3_Smuaintean_fo_EEiseabhal/Siubhal_Chluaintean.xml,
3-55,Glaic Ruairidh,3,3_Smuaintean_fo_EEiseabhal/Glaic_Ruairidh.xml,
3-56,Sgrìobhaidh Mi le Dùrachd mu Rùn na Té Òig Seo,3,3_Smuaintean_fo_EEiseabhal/Sgriiobhaidh_Mi_Le_Duurachd.xml,
3-57,Cuairt Dhòmhnaill Iain feadh nan Gleann,3,3_Smuaintean_fo_EEiseabhal/Cuairt_Dhoomhnaill_Iain_Feadh_nan_Gleann.xml,
3-58,Ina,3,3_Smuaintean_fo_EEiseabhal/Ina.xml,
3-59,Taigh Sgoile Glaic Ruairidh,3,3_Smuaintean_fo_EEiseabhal/Taigh_Sgoile_Glaic_Ruairidh.xml,
3-6,Cha Till an Òige,3,3_Smuaintean_fo_EEiseabhal/Cha_Till_an_OOige.xml,
3-7,Bàgh Hartabhagh,3,3_Smuaintean_fo_EEiseabhal/Baagh_Hartabhagh.xml,
3-8,Còmhradh an Eilthirich ris an Stuaidh,3,3_Smuaintean_fo_EEiseabhal/Coomhradh_an_Eilthirich_ris_an_Stuaidh.xml,
3-9,Cumha,3,3_Smuaintean_fo_EEiseabhal/Cumha.xml,
30,Deireadh an Fhoghair,,,1979
30-0,[map],30,30_Deireadh_an_Fhoghair/0.xml,
30-1,1,30,30_Deireadh_an_Fhoghair/1.xml,
30-2,2,30,30_Deireadh_an_Fhoghair/2.xml,
30-3,3,30,30_Deireadh_an_Fhoghair/3.xml,
30-4,4,30,30_Deireadh_an_Fhoghair/4.xml,
30-5,5,30,30_Deireadh_an_Fhoghair/5.xml,
30-6,6,30,30_Deireadh_an_Fhoghair/6.xml,
30-7,7,30,30_Deireadh_an_Fhoghair/7.xml,
30-8,8,30,30_Deireadh_an_Fhoghair/8.xml,
321,An Sgaile Dhorcha,,,1992
321-1,1 Còmhradh anns a’ Chalaidh,321,321_An_Sgaile_Dhorcha/1_Coomhradh_anns_a_Chalaidh.xml,
321-10,10 Comhairle Cogaidh,321,321_An_Sgaile_Dhorcha/10_Comhairle_Cogaidh.xml,
321-11,11 Carbost air an Oidhche,321,321_An_Sgaile_Dhorcha/11_Carbost_air_an_Oidhche.xml,
321-12,12 Amharas,321,321_An_Sgaile_Dhorcha/12_Amharas.xml,
321-13,13 Oifis a’ Phoilis,321,321_An_Sgaile_Dhorcha/13_Oifis_a_Phoilis.xml,
321-14,14 Teisteanas Phàdraig,321,321_An_Sgaile_Dhorcha/14_Teisteanas_Phaadraig.xml,
321-15,15 Air Sgàth Miranda,321,321_An_Sgaile_Dhorcha/15_Air_Sgaath_Miranda.xml,
321-16,16 Ann an Garaidh nan Leòghann,321,321_An_Sgaile_Dhorcha/16_Ann_an_Gaaraidh_nan_Leooghann.xml,
321-17,17 Dioghaltas nan Companach,321,321_An_Sgaile_Dhorcha/17_Dioghaltas_nan_Companach.xml,
321-18,18 Ri Taobh an Locha Leathainn,321,321_An_Sgaile_Dhorcha/18_Ri_Taobh_an_Locha_Leathainn.xml,
321-19,19 Deireadh an Fhoghair,321,321_An_Sgaile_Dhorcha/19_Deireadh_an_Fhoghair.xml,
321-2,2 Ràn anns a’ Ghaoith,321,321_An_Sgaile_Dhorcha/2_Raan_anns_a_Ghaoith.xml,
321-3,3 Bàs anns a’ Mhonadh,321,321_An_Sgaile_Dhorcha/3_Baas_anns_a_Mhonadh.xml,
321-4,4 An Nighean Bhàn,321,321_An_Sgaile_Dhorcha/4_An_Nighean_Bhaan.xml,
321-5,5 Sùilean an Tìgeir,321,321_An_Sgaile_Dhorcha/5_Suuilean_an_Tiigeir.xml,
321-6,6 An Luchd-Faire,321,321_An_Sgaile_Dhorcha/6_An_Luchd-Faire.xml,
321-7,7 Creideamh nan Companach,321,321_An_Sgaile_Dhorcha/7_Creideamh_nan_Companach.xml,
321-8,8 An Lìon a’ Teannachadh,321,321_An_Sgaile_Dhorcha/8_An_Liion_a_Teannachadh.xml,
321-9,9 Pògan Meala,321,321_An_Sgaile_Dhorcha/9_Poogan_Meala.xml,
329,Shrapnel,,,2006
329-1,Donati’s,329,329_Shrapnel/1_Donatis.xml,
329-2,Infirmary,329,329_Shrapnel/2_Infirmary.xml,
329-3,Dosser,329,329_Shrapnel/3_Dosser.xml,
329-4,Riach,329,329_Shrapnel/4_Riach.xml,
329-5,Shrapnel,329,329_Shrapnel/5_Shrapnel.xml,
329-6,6 Snapshots,329,329_Shrapnel/6_Snapshots.xml,
329-7,7 Sure by Tummel,329,329_Shrapnel/7_Sure_by_Tummel.xml,
329-8,8 OK Corral,329,329_Shrapnel/8_OK_Coral.xml,
33,"Bith-Eòlas: A’ Chealla, Gintinneachd is Mean-fhàs",,,1976
33-0,Roimh-ràdh,33,33_Bith-Eolas/0_Roimh-raadh.xml,
33-1,1. A’ Chealla: Prìomh Stéidh na Beatha,33,,
33-1-1,Eachdraidh,33-1,33_Bith-Eolas/1_A_Chealla/1_Eachdraidh.xml,
33-1-10,Apparatus Gholgi,33-1,33_Bith-Eolas/1_A_Chealla/10_Apparatus_Gholgi.xml,
33-1-11,Liososoman,33-1,33_Bith-Eolas/1_A_Chealla/11_Liososoman.xml,
33-1-12,"Meadhonag, Cile agus Flagellum",33-1,33_Bith-Eolas/1_A_Chealla/12_Meadhonag_Cile_agus_Flagellum.xml,
33-1-13,Falmhagan,33-1,33_Bith-Eolas/1_A_Chealla/13_Falmhagan.xml,
33-1-2,Meudachd agus Cruth nan Ceallan,33-1,33_Bith-Eolas/1_A_Chealla/2_Meudachd_agus_Cruth_nan_Ceallan.xml,
33-1-3,Am Protoplasma,33-1,33_Bith-Eolas/1_A_Chealla/3_Am_Protoplasma.xml,
33-1-4,An Niùclas,33-1,33_Bith-Eolas/1_A_Chealla/4_An_Niuuclas.xml,
33-1-5,Na Cromosoman,33-1,33_Bith-Eolas/1_A_Chealla/5_Na_Cromosoman.xml,
33-1-6,Balla na Cealla agus Craiceann na Cealla,33-1,33_Bith-Eolas/1_A_Chealla/6_Balla_na_Cealla.xml,
33-1-7,Miotocondria,33-1,33_Bith-Eolas/1_A_Chealla/7_Miotocondria.xml,
33-1-8,Cloroplastaichean,33-1,33_Bith-Eolas/1_A_Chealla/8_Cloroplastaichean.xml,
33-1-9,Reticulum Endoplasmach,33-1,33_Bith-Eolas/1_A_Chealla/9_Reticulum_Endoplasmach.xml,
33-10,Appendix 2 – Rìoghachd Animalia (Roinnean agus Ainmean),33,33_Bith-Eolas/Appendix_2.xml,
33-11,Appendix 3 – Aonadan meatrach,33,33_Bith-Eolas/Appendix_3.xml,
33-12,Faclair – Gàidhlig–Beurla,33,33_Bith-Eolas/Faclair_GB.xml,
33-13,Faclair – Beurla–Gàidhlig,33,33_Bith-Eolas/Faclair_BG.xml,
33-2,2. Cealla-Roinn,33,,
33-2-1,Miotósis,33-2,33_Bith-Eolas/2_Cealla_Roinn/1_Miotoosis.xml,
33-2-2,Tricead miotósis,33-2,33_Bith-Eolas/2_Cealla_Roinn/2_Tricead_miotoosis.xml,
33-2-3,Cinneasan mì-ghnàthach,33-2,33_Bith-Eolas/2_Cealla_Roinn/3_Cinneasan_mii-ghnaathach.xml,
33-2-4,Gintinn,33-2,33_Bith-Eolas/2_Cealla_Roinn/4_Gintinn.xml,
33-2-5,Meiósis,33-2,33_Bith-Eolas/2_Cealla_Roinn/5_Meioosis.xml,
33-2-6,Buaidh Meiósis,33-2,33_Bith-Eolas/2_Cealla_Roinn/6_Buaidh_Meioosis.xml,
33-2-7,Mean-fhàs,33-2,33_Bith-Eolas/2_Cealla_Roinn/7_Mean-fhaas.xml,
33-2-8,Vìorasan,33-2,33_Bith-Eolas/2_Cealla_Roinn/8_Viiorasan.xml,
33-3,3. Gintinneachd – Lusan is Ainmhidhean,33,,
33-3-1,Eachdraidh,33-3,33_Bith-Eolas/3_Gintinneachd_Lusan_is_Ainmhidhean/1_Eachdraidh.xml,
33-3-2,Gintinneachd Mhendel,33-3,33_Bith-Eolas/3_Gintinneachd_Lusan_is_Ainmhidhean/2_Gintinneachd_Mhendel.xml,
33-3-3,Co-cheangal,33-3,33_Bith-Eolas/3_Gintinneachd_Lusan_is_Ainmhidhean/3_Co-cheangal.xml,
33-3-4,Comharraidhean a tha fo smachd iomadh gine,33-3,33_Bith-Eolas/3_Gintinneachd_Lusan_is_Ainmhidhean/4_Comharraidhean.xml,
33-4,4. Gintinneachd – Mac-an-duine,33,,
33-4-1,Caochlaidhean cromosomach,33-4,33_Bith-Eolas/4_Gintinneachd_Mac-an-duine/1_Caochlaidhean_cromosomach.xml,
33-4-2,Gineachan bho Dhualchas,33-4,33_Bith-Eolas/4_Gintinneachd_Mac-an-duine/2_Gineachan_bho_Dhualchas.xml,
33-4-3,Dualchas ceangailte ri Sex,33-4,33_Bith-Eolas/4_Gintinneachd_Mac-an-duine/3_Dualchas_ceangailte_ri_Sex.xml,
33-4-4,Buaidh na Coimhearsnachd,33-4,33_Bith-Eolas/4_Gintinneachd_Mac-an-duine/4_Buaidh_na_Coimhearsnachd.xml,
33-4-5,Tricead nam Muthaidhean,33-4,33_Bith-Eolas/4_Gintinneachd_Mac-an-duine/5_Tricead_nam_Muthaidhean.xml,
33-5,5. Gintinneachd – Treubhan Chlann-daoine agus Bun an t-Sluaigh Albannaich,33,,
33-5-1,Facal mu Threubhan,33-5,33_Bith-Eolas/5_Gintinneachd_Treubhan_Chlann-daoine/1_Facal_mu_Threubhan.xml,
33-5-2,An Riaghailt ABO,33-5,33_Bith-Eolas/5_Gintinneachd_Treubhan_Chlann-daoine/2_An_Riaghailt_ABO.xml,
33-5-3,An Riaghailt Rheasach,33-5,33_Bith-Eolas/5_Gintinneachd_Treubhan_Chlann-daoine/3_An_Riaghailt_Rheasach.xml,
33-5-4,Dealaichidhean eile eadar Threubhan,33-5,33_Bith-Eolas/5_Gintinneachd_Treubhan_Chlann-daoine/4_Dealaichidhean_eile_eadar_Threubhan.xml,
33-5-5,Bun is Freumh Sluagh na h-Albann,33-5,33_Bith-Eolas/5_Gintinneachd_Treubhan_Chlann-daoine/5_Bun_is_Freumh.xml,
33-6,6. Mean-fhàs: Bun-stéidh na Beatha,33,,
33-6-1,Seann Bheachdan,33-6,33_Bith-Eolas/6_Mean-fhaas/1_Seann_Bheachdan.xml,
33-6-2,Co-chur ceimiceach na Beatha,33-6,33_Bith-Eolas/6_Mean-fhaas/2_Co-chur_ceimiceach.xml,
33-6-3,Na Searbhagan Niùclasach agus Co-chur Prótein,33-6,33_Bith-Eolas/6_Mean-fhaas/3_Na_Searbhagan_Niuuclasach.xml,
33-6-4,Na Ciad Fhàs-bheairtean beò,33-6,33_Bith-Eolas/6_Mean-fhaas/4_Na_Ciad_Fhaas-bheairtean_beoo.xml,
33-6-5,Mean-fhàs na Cealla fìor-chnòthaich,33-6,33_Bith-Eolas/6_Mean-fhaas/5_Mean-fhaas_na_Cealla.xml,
33-7,7. Mean-fhàs Luibhean,33,,
33-7-1,Leathnachadh na Luibhe iomacheallaich,33-7,33_Bith-Eolas/7_Mean-fhaas_Luibhean/1_Leathnachadh.xml,
33-7-2,Na h-Algae agus na Fungi,33-7,33_Bith-Eolas/7_Mean-fhaas_Luibhean/2_Na_h-Algae_agus_na_Fungi.xml,
33-7-3,Aiteachadh na Talmhainn,33-7,33_Bith-Eolas/7_Mean-fhaas_Luibhean/3_Aiteachadh_na_Talmhainn.xml,
33-7-4,Sìolachadh ann an Luibhean air Talamh-tioram,33-7,33_Bith-Eolas/7_Mean-fhaas_Luibhean/4_Siiolachadh.xml,
33-7-5,Càirdeas nan Luibhean talmhainn,33-7,33_Bith-Eolas/7_Mean-fhaas_Luibhean/5_Caairdeas_nan_luibhean_tamhainn.xml,
33-8,8. Mean-fhàs ainmhidhean,33,,
33-8-1,Ainmhidhean aoncheallach,33-8,33_Bith-Eolas/8_Mean-fhaas_ainmhidhean/1_Ainmhidhean_aoncheallach.xml,
33-8-2,Na Spongan,33-8,33_Bith-Eolas/8_Mean-fhaas_ainmhidhean/2_Na_Spongan.xml,
33-8-3,Ainmhidhean iomacheallach neo-adhartach,33-8,33_Bith-Eolas/8_Mean-fhaas_ainmhidhean/3_Ainmhidhean_iomacheallach.xml,
33-8-4,"Daolagan, na h-Arthropodan agus Maorach",33-8,33_Bith-Eolas/8_Mean-fhaas_ainmhidhean/4_Daolagan.xml,
33-8-5,Na h-Echinodairmean agus na Còrdaichtean,33-8,,
33-8-5-1,Bun-stéidh nan Còrdaichtean,33-8-5,33_Bith-Eolas/8_Mean-fhaas_ainmhidhean/5_Bun-steeidh_nan_Coordaichtean.xml,
33-8-5-2,Na h-Iasgan,33-8-5,33_Bith-Eolas/8_Mean-fhaas_ainmhidhean/6_Na_h-Iasgan.xml,
33-8-5-3,Na Muir-thìrich,33-8-5,33_Bith-Eolas/8_Mean-fhaas_ainmhidhean/7_Na_Muir-thiirich.xml,
33-8-5-4,Na Péistean,33-8-5,33_Bith-Eolas/8_Mean-fhaas_ainmhidhean/8_Na_Peeistean.xml,
33-8-5-5,Na h-Eòin,33-8-5,33_Bith-Eolas/8_Mean-fhaas_ainmhidhean/9_Na_h-Eooin.xml,
33-8-5-6,Na Mamailean,33-8-5,33_Bith-Eolas/8_Mean-fhaas_ainmhidhean/10_Na_Mamailean.xml,
33-8-5-7,Na Prìomhaidean agus Mean-fhàs Mhic-an-duine,33-8-5,33_Bith-Eolas/8_Mean-fhaas_ainmhidhean/11_Na_Priiomhaidean.xml,
33-9,Appendix 1 – Rìoghachd Plantae (Roinnean agus Ainmean),33,33_Bith-Eolas/Appendix_1.xml,
333,Steall à Iomadh Lòn,,,2011
333-0,Ro-Ràdh,333,333_Steall_a_Iomadh_Lon/0_Buidheachas.xml,
333-1,1. Chì mi ’n Tìr,333,333_Steall_a_Iomadh_Lon/1_Chii_mi_n_Tiir.xml,
333-10,10. Aiseirighean,333,333_Steall_a_Iomadh_Lon/10_Aiseirighean.xml,
333-11,Ùrnaigh Uilleim Chràbhaich,333,333_Steall_a_Iomadh_Lon/11_UUrnaigh_Uilleim_Chraabhaich.xml,
333-12,An t-Slabhraidh,333,333_Steall_a_Iomadh_Lon/12_An_t-Slabhraidh.xml,
333-13,An Doras,333,333_Steall_a_Iomadh_Lon/13_An_Doras.xml,
333-14,Uibhist a Tuath: Eaconamaidh nan Seann Làithean,333,333_Steall_a_Iomadh_Lon/14_Uibhist_a_Tuath.xml,
333-15,Ainmean Àiteachan,333,333_Steall_a_Iomadh_Lon/15_Ainmean_AAiteachan.xml,
333-2,2. Uibhist mo Rùin,333,333_Steall_a_Iomadh_Lon/2_Uibhist_mo_Ruuin.xml,
333-3,3. An t-Ionnsachadh Òg,333,333_Steall_a_Iomadh_Lon/3_An_t-Ionnsachadh_OOg.xml,
333-4,"4. Càirdeas, Comain is Eòlas",333,333_Steall_a_Iomadh_Lon/4_Caairdeas_Comain_is_Eoolas.xml,
333-5,"5. Foghlam, Foghlam, Foghlam",333,333_Steall_a_Iomadh_Lon/5_Foghlam.xml,
333-6,6. Tilleadh is Teagaisg,333,333_Steall_a_Iomadh_Lon/6_Tilleadh_is_Teagaisg.xml,
333-7,7. Dà Cheathramh agus Fonn,333,333_Steall_a_Iomadh_Lon/7_Daa_Cheathramh_agus_Fonn.xml,
333-8,8. Uisge Trom is Smiùrnean,333,333_Steall_a_Iomadh_Lon/8_Uisge_Trom_is_Smiuurnean.xml,
333-9,9. Air an Fhalbhan,333,333_Steall_a_Iomadh_Lon/9_Air_an_Fhalbhan.xml,
34,Fo Sgail A’ Swastika,,,1974
34-1,1 St Valery,34,34_Fo_Sgail_a_Swastika/1_St_Valery.xml,
34-10,10 An t-Slighe Air Ais,34,34_Fo_Sgail_a_Swastika/10_An_t-Slighe_Air_Ais.xml,
34-2,2 A’ Choiseachd Mhór,34,34_Fo_Sgail_a_Swastika/2_A_Choiseachd_Mhoor.xml,
34-3,3 Am Barge,34,34_Fo_Sgail_a_Swastika/3_Am_Barge.xml,
34-4,4 A’ Chiad Champa,34,34_Fo_Sgail_a_Swastika/4_A_Chiad_Champa.xml,
34-5,5 Erfurt,34,34_Fo_Sgail_a_Swastika/5_Erfurt.xml,
34-6,6 Mülhausen agus Alabàma,34,34_Fo_Sgail_a_Swastika/6_Mulhausen_agus_Alabama.xml,
34-7,7 A Chiad Mheinn Shaluinn,34,34_Fo_Sgail_a_Swastika/7_A_Chiad_Mheinn_Shaluinn.xml,
34-8,8 An Darna Mheinn Shaluinn,34,34_Fo_Sgail_a_Swastika/8_An_Darna_Mheinn_Shaluinn.xml,
34-9,9 Saorsa,34,34_Fo_Sgail_a_Swastika/9_Saorsa.xml,
38,Criomagan Ioma-dhathte,,,1973
38-0,Criomagam Ioma-dhathte,38,38_Criomagan_Ioma-dhathte/Taing.xml,
38-1,Roimh-radh,38,38_Criomagan_Ioma-dhathte/Roimh-radh.xml,
38-10,As an t-Saoghal So,38,38_Criomagan_Ioma-dhathte/As_an_t-saoghal_seo.xml,
38-11,Mar Leaghas Teine,38,38_Criomagan_Ioma-dhathte/Mar_Leaghas_Teine.xml,
38-12,Air do Dheagh Shlainte,38,38_Criomagan_Ioma-dhathte/Air_do_Dheagh_Shlainte.xml,
38-13,Am Facal air Paipeir,38,38_Criomagan_Ioma-dhathte/Am_Facal_air_Paipear.xml,
38-14,An Tigh a Thog Seoc,38,38_Criomagan_Ioma-dhathte/An_Tigh_a_Thog_Seoc.xml,
38-15,Cabhag gu Ceilidh,38,38_Criomagan_Ioma-dhathte/Cabhag_gu_Ceilidh.xml,
38-16,Mu Dheidhinn an Ughdair,38,38_Criomagan_Ioma-dhathte/Mu_Dheidhinn_an_Ughdair.xml,
38-2,De a Chuireas Sinn Umainn,38,38_Criomagan_Ioma-dhathte/De_a_Chuireas_Sinn_Umainn.xml,
38-3,Rubair,38,38_Criomagan_Ioma-dhathte/Rubair.xml,
38-4,Cumhachd an Smuirnean,38,38_Criomagan_Ioma-dhathte/Cumhachd_an_Smuirnean.xml,
38-5,Gun Solas Lanntair,38,38_Criomagan_Ioma-dhathte/Gun_Solas_Lanntair.xml,
38-6,An Ataireachd Ard,38,38_Criomagan_Ioma-dhathte/An_Ataireachd_Ard.xml,
38-7,Solus air Ola,38,38_Criomagan_Ioma-dhathte/Solus_air_ola.xml,
38-8,A Mhaireas Buan gu Brath,38,38_Criomagan_Ioma-dhathte/A_Mhaireas_Buan_gu_Brath.xml,
38-9,Airgead mar Bhonn-steidh na Malairt,38,38_Criomagan_Ioma-dhathte/Airgead_mar_Bhonn-steidh_na_Malairt.xml,
39,An Aghaidh Choimheach,,,1973
39-1,An Aghaidh Choimheach,39,39_An_Aghaidh_Choimheach/An_Aghaidh_Choimheach.xml,
39-10,Feòil a’ Gheamhraidh,39,39_An_Aghaidh_Choimheach/Feooil_a_Gheamhraidh.xml,
39-11,Oidhche Shathurna,39,39_An_Aghaidh_Choimheach/Oidhche_Shathurna.xml,
39-12,Gormadh an Fheòir,39,39_An_Aghaidh_Choimheach/Gormadh_an_Fheooir.xml,
39-2,Am Pàrtaidh,39,39_An_Aghaidh_Choimheach/Am_Paartaidh.xml,
39-3,An Gamhainn,39,39_An_Aghaidh_Choimheach/An_Gamhainn.xml,
39-4,Briseadh na Cloiche,39,39_An_Aghaidh_Choimheach/Briseadh_na_Cloiche.xml,
39-5,Ignig Dannsair,39,39_An_Aghaidh_Choimheach/Ignig_Dannsair.xml,
39-6,An Dà Latha,39,39_An_Aghaidh_Choimheach/An_Daa_Latha.xml,
39-7,Seoras,39,39_An_Aghaidh_Choimheach/Seoras.xml,
39-8,Mòine Dhomhnaill agus Ordag an Bhàin,39,39_An_Aghaidh_Choimheach/Mooine_Dhomhnaill_Agus_Ordag_an_Bhaain.xml,
39-9,A’ Chaora Chonadail,39,39_An_Aghaidh_Choimheach/A_Chaora_Chonadail.xml,
4,Bàrdachd Dhòmhnaill Alasdair,,,1950
4-1,Ro-Ràdh,4,4_Baardachd_Dhoomhnaill_Alasdair/introduction.xml,
4-10,An t-Eadar-Dhealachadh,4,4_Baardachd_Dhoomhnaill_Alasdair/An_t_Eadar_Dhealachadh.xml,
4-11,Aig Taisbeanadh Talla a’ Bhaile,4,4_Baardachd_Dhoomhnaill_Alasdair/Aig_Taisbeanadh_Talla_a_Bhaile.xml,
4-12,Oraid a’ Bhàta,4,4_Baardachd_Dhoomhnaill_Alasdair/Oraid_a_Bhaata.xml,
4-13,Nàbachas,4,4_Baardachd_Dhoomhnaill_Alasdair/Naabachas.xml,
4-14,A’ Chlach-Ghleusaidh,4,4_Baardachd_Dhoomhnaill_Alasdair/A_Chlach_Ghleusaidh.xml,
4-15,Sgapt’ Tha Na Gillean,4,4_Baardachd_Dhoomhnaill_Alasdair/Sgapt_Tha_Na_Gillean.xml,
4-16,Inneil Tha Briseadh,4,4_Baardachd_Dhoomhnaill_Alasdair/Inneil_Tha_Briseadh.xml,
4-17,Ar Saorsa,4,4_Baardachd_Dhoomhnaill_Alasdair/Ar_Saorsa.xml,
4-18,Ar Fearann,4,4_Baardachd_Dhoomhnaill_Alasdair/Ar_Fearann.xml,
4-19,Cumha Iain,4,4_Baardachd_Dhoomhnaill_Alasdair/Cumha_Iain.xml,
4-2,Caileag an Dubh-Chuailein,4,4_Baardachd_Dhoomhnaill_Alasdair/Caileag_an_Dubh_Chuailein.xml,
4-20,An t-Aite,4,4_Baardachd_Dhoomhnaill_Alasdair/An_t_Aite.xml,
4-21,Uisdean Everitt,4,4_Baardachd_Dhoomhnaill_Alasdair/Uisdean_Everitt.xml,
4-22,Truailleadh Edein,4,4_Baardachd_Dhoomhnaill_Alasdair/Truailleadh_Edein.xml,
4-23,Soraidh leis a’ Mhòine,4,4_Baardachd_Dhoomhnaill_Alasdair/Soraidh_leis_a_Mhooine.xml,
4-24,An Oiteag,4,4_Baardachd_Dhoomhnaill_Alasdair/An_Oiteag.xml,
4-25,Beul na h-Oidhche,4,4_Baardachd_Dhoomhnaill_Alasdair/Beul_na_h_Oidhche.xml,
4-26,Mo Dhùrachd,4,4_Baardachd_Dhoomhnaill_Alasdair/Mo_Dhuurachd.xml,
4-27,Biadh,4,4_Baardachd_Dhoomhnaill_Alasdair/Biadh.xml,
4-28,Fuaran Chuidhe ’n Dìoba,4,4_Baardachd_Dhoomhnaill_Alasdair/Fuaran_Chuidhe_n_Diioba.xml,
4-29,A’ Chuthag,4,4_Baardachd_Dhoomhnaill_Alasdair/A_Chuthag.xml,
4-3,M’ Athair,4,4_Baardachd_Dhoomhnaill_Alasdair/M_Athair.xml,
4-30,Danns an Rathaid,4,4_Baardachd_Dhoomhnaill_Alasdair/Danns_an_Rathaid.xml,
4-31,Am Bomair Lancaster,4,4_Baardachd_Dhoomhnaill_Alasdair/Am_Bomair_Lancaster.xml,
4-32,"O, Nam Faicinn Alba Saor!",4,4_Baardachd_Dhoomhnaill_Alasdair/Nam_Faicinn_Alba_Saor.xml,
4-33,Ionndrain,4,4_Baardachd_Dhoomhnaill_Alasdair/Ionndrain.xml,
4-34,An t-Eathar Ghiomach,4,4_Baardachd_Dhoomhnaill_Alasdair/An_t-Eathar_Ghiomach.xml,
4-35,Gaol na h-Oige,4,4_Baardachd_Dhoomhnaill_Alasdair/Gaol_na_h-Oige.xml,
4-36,An t-Ospadal Ur,4,4_Baardachd_Dhoomhnaill_Alasdair/An_t-Ospadal_Ur.xml,
4-37,Bàgh na h-Eòra,4,4_Baardachd_Dhoomhnaill_Alasdair/Baagh_na_h_Eoora.xml,
4-38,Allt a’ Bhonnaich,4,4_Baardachd_Dhoomhnaill_Alasdair/Allt_a_Bhonnaich.xml,
4-39,Tuaiream Iain Mhic a’ Ghobhainn QC MP,4,4_Baardachd_Dhoomhnaill_Alasdair/Tuaiream_Iain_Mhic_a_Ghobhainn.xml,
4-4,Sgrìobhadh Bhriain MhicUilleim,4,4_Baardachd_Dhoomhnaill_Alasdair/Sgriiobhadh_Bhriain_MhicUilleim.xml,
4-40,Am Fac’ E?,4,4_Baardachd_Dhoomhnaill_Alasdair/Am_Fac_E.xml,
4-41,Aig Càrn-Cuimhne Shir Seumas,4,4_Baardachd_Dhoomhnaill_Alasdair/Aig_Caarn_Cuimhne_Shir_Seumas.xml,
4-42,Riaghladh,4,4_Baardachd_Dhoomhnaill_Alasdair/Riaghladh.xml,
4-43,A’ Cuimhneachadh 1945,4,4_Baardachd_Dhoomhnaill_Alasdair/A_Cuimhneachadh_1945.xml,
4-44,Amhran a’ Chlachain,4,4_Baardachd_Dhoomhnaill_Alasdair/Amhran_a_Chlachain.xml,
4-45,Galar a’ Chruidh,4,4_Baardachd_Dhoomhnaill_Alasdair/Galar_a_Chruidh.xml,
4-46,Briseadh-Dùil,4,4_Baardachd_Dhoomhnaill_Alasdair/Briseadh_Duuil.xml,
4-47,Nàimhdean Ar Cànain,4,4_Baardachd_Dhoomhnaill_Alasdair/Naaimhdean_Ar_Caanain.xml,
4-48,Gàrradh Edein,4,4_Baardachd_Dhoomhnaill_Alasdair/Gaaradh_Eden.xml,
4-49,Air Acair,4,4_Baardachd_Dhoomhnaill_Alasdair/Air_Acair.xml,
4-5,An Nighean,4,4_Baardachd_Dhoomhnaill_Alasdair/An_Nighean.xml,
4-50,Duais Mo Nighinn,4,4_Baardachd_Dhoomhnaill_Alasdair/Duais_Mo_Nighinn.xml,
4-51,Am Bàs,4,4_Baardachd_Dhoomhnaill_Alasdair/Am_Baas.xml,
4-52,Mo Phòsadh,4,4_Baardachd_Dhoomhnaill_Alasdair/Mo_Phoosadh.xml,
4-53,Duanag,4,4_Baardachd_Dhoomhnaill_Alasdair/Duanag.xml,
4-54,Tòmas Morton,4,4_Baardachd_Dhoomhnaill_Alasdair/Toomas_Morton.xml,
4-55,M’ Oilthigh Fhìn,4,4_Baardachd_Dhoomhnaill_Alasdair/M_Oilthigh_Fhiin.xml,
4-56,Alba fo Chìs,4,4_Baardachd_Dhoomhnaill_Alasdair/Alba_fo_Chiis.xml,
4-57,Sprèidh Mo Leanaibh,4,4_Baardachd_Dhoomhnaill_Alasdair/Spreeidh_Mo_Leanaibh.xml,
4-58,An Uair Ud,4,4_Baardachd_Dhoomhnaill_Alasdair/An_Uair_Ud.xml,
4-59,Aig an Lochan,4,4_Baardachd_Dhoomhnaill_Alasdair/Aig_an_Lochan.xml,
4-6,Dùsgadh Anabaich,4,4_Baardachd_Dhoomhnaill_Alasdair/Duusgadh_Anabaich.xml,
4-60,Crìoch mo Rathaid,4,4_Baardachd_Dhoomhnaill_Alasdair/Criioch_mo_Rathaid.xml,
4-61,Nuair a Lìonas Iad M’ Uaigh,4,4_Baardachd_Dhoomhnaill_Alasdair/Nuair_a_Liionas_Iad_M_Uaigh.xml,
4-62,An Clachan,4,4_Baardachd_Dhoomhnaill_Alasdair/An_Clachan.xml,
4-63,Fàs Caol,4,4_Baardachd_Dhoomhnaill_Alasdair/Faas_Caol.xml,
4-64,Iomhaigh Diùc Chataibh,4,4_Baardachd_Dhoomhnaill_Alasdair/Iomhaigh_Diuuc_Chataibh.xml,
4-65,Briseadh Latha,4,4_Baardachd_Dhoomhnaill_Alasdair/Briseadh_Latha.xml,
4-66,Mo Nighean,4,4_Baardachd_Dhoomhnaill_Alasdair/Mo_Nighean.xml,
4-67,Là Naomh Anndra,4,4_Baardachd_Dhoomhnaill_Alasdair/Laa_Naomh_Anndra.xml,
4-68,Amhran a’ Phìleit,4,4_Baardachd_Dhoomhnaill_Alasdair/Amhran_a_Phiileit.xml,
4-69,Aithreachas,4,4_Baardachd_Dhoomhnaill_Alasdair/Aithreachas.xml,
4-7,Am Bàta Briste,4,4_Baardachd_Dhoomhnaill_Alasdair/Am_Baata_Briste.xml,
4-70,Sòlas,4,4_Baardachd_Dhoomhnaill_Alasdair/Soolas.xml,
4-71,O Thàinig an Aois,4,4_Baardachd_Dhoomhnaill_Alasdair/O_Thaainig_an_Aois.xml,
4-8,An Taigh-Cèilidh,4,4_Baardachd_Dhoomhnaill_Alasdair/An_Taigh_Ceeilidh.xml,
4-9,Am Bomair,4,4_Baardachd_Dhoomhnaill_Alasdair/Am_Bomair.xml,
40,A’ Bhratach Dhealrach,,,1972
40-1,A’ bhratach dhealrach,40,40_A_Bhratach_Dhealrach/A_bhratach_dhealrach.xml,
40-2,Na h-uird mhora,40,40_A_Bhratach_Dhealrach/Na_h-uird_mhoora.xml,
40-3,Litir an Lagha,40,40_A_Bhratach_Dhealrach/Litir_an_Lagha.xml,
40-4,Ach na dhuthaich fhein,40,40_A_Bhratach_Dhealrach/Ach_na_dhuthaich_fhein.xml,
40-5,Bha duilleagan air chall,40,40_A_Bhratach_Dhealrach/Bha_duilleagan_air_chall.xml,
40-6,Adhaircean mora,40,40_A_Bhratach_Dhealrach/Adhaircean_mora.xml,
40-7,An neochiontach,40,40_A_Bhratach_Dhealrach/An_neochiontach.xml,
40-8,"Snathad bheag, an uair sin snathad mhor",40,40_A_Bhratach_Dhealrach/Snathad_bheag.xml,
400,Gairm,,,
400-1,1,400,,1952
400-1-1,As a’ chathair,400-1,400_Gairm/1/As_a_Chathair.xml,
400-1-10,Gnothuich Bhoirionnach (Ro-Ràdh),400-1,400_Gairm/1/Gnothuich_Bhoirionnach_intro.xml,
400-1-11,Gnothuich Bhoirionnach,400-1,400_Gairm/1/Gnothuich_Bhoirionnach.xml,
400-1-12,Na Ceistean a Dh’fheuch ri Catto,400-1,400_Gairm/1/Na_Ceistean_a_Dh_fheuch_ri_Catto.xml,
400-1-13,Suil mu’n Cuairt,400-1,400_Gairm/1/Suil_mu_n_Cuairt.xml,
400-1-14,‘Cion na Beurla’,400-1,400_Gairm/1/Cion_na_Beurla.xml,
400-1-15,An Sgeilp Leabhraichean,400-1,400_Gairm/1/An_Sgeilp_Leabhraichean.xml,
400-1-2,Eilean Hiort,400-1,400_Gairm/1/Eilean_Hiort.xml,
400-1-3,Falaisgearan Fad As,400-1,400_Gairm/1/Falaisgearan_Fad_As.xml,
400-1-4,Eachdraidh an Iasgaich an Leodhas,400-1,400_Gairm/1/Eachdraidh_an_Iasgaich_an_Leodhas.xml,
400-1-5,Am Bas-àr,400-1,400_Gairm/1/Am_Bas-aar.xml,
400-1-6,Leabhar-Latha Mhgr. Ailein Domhnallaich,400-1,400_Gairm/1/Leabhar-Latha_Mhgr_Ailein_intro.xml,
400-1-7,Mgr. Ailein Domhnallach,400-1,400_Gairm/1/Mgr_Ailein_Domhnallach.xml,
400-1-8,An Leabhar-Latha,400-1,400_Gairm/1/Leabhar-Latha_Mhgr_Ailein_Domhnallaich.xml,
400-1-9,Clachan Gaidhealach an Albainn Nuaidh,400-1,400_Gairm/1/Clachan_Gaidhealach_an_Albainn_Nuaidh.xml,
400-2,2,400,,1952
400-2-1,As a’ chathair,400-2,400_Gairm/2/As_a_Chathair.xml,
400-2-10,Air Chul an t-Saoghail,400-2,400_Gairm/2/Air_Chul_an_t-Saoghail.xml,
400-2-11,Leabhar-Latha Mhgr. Ailein Domhnullaich II (intro),400-2,400_Gairm/2/Leabhar-Latha-intro.xml,
400-2-12,Leabhar-Latha Mhgr. Ailein Domhnullaich II,400-2,400_Gairm/2/Leabhar-Latha_Mhgr_Ailein_Domhnullaich.xml,
400-2-13,Seo an Lagh (1): Tiomnadh a’ Chroiteir,400-2,400_Gairm/2/So_an_Lagh.xml,
400-2-14,Aithisg Bhliadhnail an Runaire,400-2,400_Gairm/2/Aithisg_Bhliadhnail_an_Runaire.xml,
400-2-15,An Sgeilp Leabhraichean,400-2,400_Gairm/2/An_Sgeilp_Leabhraichean.xml,
400-2-2,Mana an Nisich,400-2,400_Gairm/2/Mana_an_Nisich.xml,
400-2-3,‘Nollaig Chridheil’,400-2,400_Gairm/2/Nollaig_Chridheil.xml,
400-2-4,Tir nan Og,400-2,400_Gairm/2/Tir_nan_Og.xml,
400-2-5,Mealladh,400-2,400_Gairm/2/Mealladh.xml,
400-2-6,Eachdraidh an Iasgaich an Leodhas: (2) Iasgach an Lin mhoir,400-2,400_Gairm/2/Eachdraidh_an_Iasgaich_an_Leodhas.xml,
400-2-7,Suil Mun Cuairt,400-2,400_Gairm/2/Suil_Mun_Cuairt.xml,
400-2-8,Cuairt ann an Canada,400-2,400_Gairm/2/Cuairt_ann_an_Canada.xml,
400-2-9,Bho Bhaile Bhóid gu Baile Bhóid,400-2,400_Gairm/2/Bho_Bhaile_Bhooid_gu_Baile_Bhooid.xml,
44,Briseadh na Cloiche agus Sgeulachdan Eile,,,1970
44-0,Roimh-radh,44,44_Briseadh_na_Cloiche/Roimh-Radh.xml,
44-1,Briseadh na Cloiche,44,44_Briseadh_na_Cloiche/Briseadh_na_Cloiche.xml,
44-10,Faoileann,44,44_Briseadh_na_Cloiche/Faoileann.xml,
44-11,An t-Ogha,44,44_Briseadh_na_Cloiche/An_t-Ogha.xml,
44-12,Na h-Ughdair,44,44_Briseadh_na_Cloiche/Na_h-Ughdair.xml,
44-2,Ozymandias,44,44_Briseadh_na_Cloiche/Ozymandias.xml,
44-3,A’ Fear a Thainig air Tir,44,44_Briseadh_na_Cloiche/A_Fear_a_Thainig_air_Tir.xml,
44-4,Creic agus Ceannach,44,44_Briseadh_na_Cloiche/Creic_agus_Ceannach.xml,
44-5,Mary Kate,44,44_Briseadh_na_Cloiche/Mary_Kate.xml,
44-6,Leum na Sinnsearan,44,44_Briseadh_na_Cloiche/Leum_na_Sinnsearan.xml,
44-7,Sin Mar a Tha,44,44_Briseadh_na_Cloiche/Sin_Mar_a_Tha.xml,
44-8,An Canna Cocoa,44,44_Briseadh_na_Cloiche/An_Canna_Cocoa.xml,
44-9,An Cluaisean,44,44_Briseadh_na_Cloiche/An_Cluaisean.xml,
5,Inbhe Thearainte Dhan Ghàidhlig,,5_Inbhe_Thearainte_Dhan_Ghaaidhlig.xml,1999
54,Am Measg Nam Bodach,,,1938
54-0,Roimh Radh,54,54_Am_Measg_nam_Bodach/Roimh_Radh.xml,
54-1,Ile,54,54_Am_Measg_nam_Bodach/Ile.xml,
54-10,Ratharsair,54,54_Am_Measg_nam_Bodach/Ratharsair.xml,
54-11,An Scarpa,54,54_Am_Measg_nam_Bodach/An_Scarpa.xml,
54-12,Leodhas,54,54_Am_Measg_nam_Bodach/Leodhas.xml,
54-13,Barraidh,54,54_Am_Measg_nam_Bodach/Barraidh.xml,
54-14,Beinn A’ Bhaoghla,54,54_Am_Measg_nam_Bodach/Beinn_A_Bhaoghla.xml,
54-15,Na Hearradh,54,54_Am_Measg_nam_Bodach/Na_Hearradh.xml,
54-16,Eirisgeidh agus Uidhist a Deas,54,54_Am_Measg_nam_Bodach/Eirisgeidh.xml,
54-17,Eisdeal agus Luinn,54,54_Am_Measg_nam_Bodach/Eisdeal_agus_Luinn.xml,
54-18,An Ceard Mor,54,54_Am_Measg_nam_Bodach/An_Ceard_Mor.xml,
54-2,Diura,54,54_Am_Measg_nam_Bodach/Diura.xml,
54-3,Eilean I,54,54_Am_Measg_nam_Bodach/Eilean_I.xml,
54-4,Colla,54,54_Am_Measg_nam_Bodach/Colla.xml,
54-5,Uidhist_a_Tuath,54,54_Am_Measg_nam_Bodach/Uidhist_a_Tuath.xml,
54-6,Muile,54,54_Am_Measg_nam_Bodach/Muile.xml,
54-7,Tiriodh,54,54_Am_Measg_nam_Bodach/Tiriodh.xml,
54-8,An t-Eilean Sgitheanach,54,54_Am_Measg_nam_Bodach/An_t_Eilean_Sgitheanach.xml,
54-9,"Cannaidh, Eige, is Ruma",54,54_Am_Measg_nam_Bodach/Cannaidh_Eige_is_Ruma.xml,
6,A’ Tasgadh anns an Ùine Romhainn,,6_Tasgadh_anns_an_UUine_Romhainn.xml,1996
7,Moch is Anmoch,,,
7-1,’S Fhada Thall tha Mise,7,7_Moch_is_Anmoch/S_Fhada_Thall_tha_Mise.xml,1950
7-2,Làithean m’ Òige le m’ Athair,7,7_Moch_is_Anmoch/Laaithean_m_OOige_le_m_Athair.xml,1950
7-3,Mo Charaid Balbh,7,7_Moch_is_Anmoch/Mo_Charaid_Balbh.xml,1950
7-4,Sruthan Teampull A’ Ghlinne,7,7_Moch_is_Anmoch/Sruthan_Teampull_A_Ghlinne.xml,1950
7-5,An t-Iasgair,7,7_Moch_is_Anmoch/An_t-Iasgair.xml,1950
7-6,An Ceardaman,7,7_Moch_is_Anmoch/An_Ceardaman.xml,1950
7-7,Murchadh Ruadh,7,7_Moch_is_Anmoch/Murchadh_Ruadh.xml,1950
7-8,An t-Slat-Iasgaich,7,7_Moch_is_Anmoch/An_t-Slat-Iasgaich.xml,1950
7-9,An t-Achmasan,7,7_Moch_is_Anmoch/An_t-Achmasan.xml,1900
8,Hiort: Far na Laigh a’ Ghrian,,,1995
8-0,Ro-Ràdh,8,8_Hiort/Ro-radh.xml,
8-1,An Aois Og (ro 1730),8,,
8-1-0,An Aois Og (ro 1730),8-1,8_Hiort/An_Aois_Og/0.xml,
8-1-1,1. Na Hiortaich: Cò Iad is Cò As?,8-1,8_Hiort/An_Aois_Og/1_Na_Hiortaich_Coo_Iad_is_Coo_As.xml,
8-1-10,10. Cion Bramach Innilt,8-1,8_Hiort/An_Aois_Og/10_Cion_Bramach_Innilt.xml,
8-1-11,11. Màrtainn Màrtainn: Hiortach ann an Glaschu,8-1,8_Hiort/An_Aois_Og/11_Maartainn_Maartainn_Hiortach_ann_an_Glaschu.xml,
8-1-12,12. Ciod E Bhiodh Tu ’g Iarraidh?,8-1,8_Hiort/An_Aois_Og/12_Ciod_E_Bhiodh_Tu_g_Iarraidh.xml,
8-1-13,13.	Oran na h-Inghinn,8-1,8_Hiort/An_Aois_Og/13_Oran_na_h-Inghinn.xml,
8-1-14,14. Fearchar Mòr agus an Dùgan,8-1,8_Hiort/An_Aois_Og/14_Fearchar_Moor_agus_an_Duugan.xml,
8-1-15,15. Cha B’ e Sgiobadh na Faiche,8-1,8_Hiort/An_Aois_Og/15_Cha_B_e_Sgiobadh_na_Faiche.xml,
8-1-16,16. Ruairidh Mòr am Mealltair,8-1,8_Hiort/An_Aois_Og/16_Ruairidh_Moor_am_Mealltair.xml,
8-1-17,17. D’ Dhà Shùil Bheag Bhiolach,8-1,8_Hiort/An_Aois_Og/17_D_Dhaa_Shuuil_Bheag_Bhiolach.xml,
8-1-18,18. Ceòl agus Dannsa,8-1,8_Hiort/An_Aois_Og/18_Ceool_agus_Dannsa.xml,
8-1-19,19. A’ Bhanais Hiortach,8-1,8_Hiort/An_Aois_Og/19_A_Bhanais_Hiortach.xml,
8-1-2,2. Cleite Gàdaig,8-1,8_Hiort/An_Aois_Og/2_Cleite_Gaadaig.xml,
8-1-20,20. A’ Bhreac,8-1,8_Hiort/An_Aois_Og/20_A_Bhreac.xml,
8-1-21,21. Gur ann Thall ann an Sòdhaigh,8-1,8_Hiort/An_Aois_Og/21_Gur_ann_Thall_ann_an_Sòdhaigh.xml,
8-1-3,3. Taigh an Stallair,8-1,8_Hiort/An_Aois_Og/3_Taigh_an_Stallair.xml,
8-1-4,4. Thulgag Bhòidheach,8-1,8_Hiort/An_Aois_Og/4_Thulgag_Bhooidheach.xml,
8-1-5,5. Trusgan,8-1,8_Hiort/An_Aois_Og/5_Trusgan.xml,
8-1-6,6. Oran Luaidh Hiortach,8-1,8_Hiort/An_Aois_Og/6_Oran_Luaidh_Hiortach.xml,
8-1-7,7. Beathaichean Hiortach,8-1,8_Hiort/An_Aois_Og/7_Beathaichean_Hiortach.xml,
8-1-8,"8. Cas na Caora Hiortaich, ò!",8-1,8_Hiort/An_Aois_Og/8_Cas_na_Caora_Hiortaich.xml,
8-1-9,9. Tha Giullan Agam Fhìn,8-1,8_Hiort/An_Aois_Og/9_Tha_Giullan_Agam_Fhiin.xml,
8-2,An t-Seann Aimsir (1730–1852),8,,
8-2-0,An t-Seann Aimsir (1730–1852),8-2,8_Hiort/An_t_Seann_Aimsir/0.xml,
8-2-1,22. A’ Bhan-tighearna Grange (1734-42),8-2,8_Hiort/An_t_Seann_Aimsir/22_A_Bhan-tighearna_Grange.xml,
8-2-10,31. Mòr Bhàn,8-2,8_Hiort/An_t_Seann_Aimsir/31_Moor_Bhaan.xml,
8-2-11,32. Rè an t-Samhraidh,8-2,8_Hiort/An_t_Seann_Aimsir/32_Ree_an_t-Samhraidh.xml,
8-2-12,33. Aitichean-còmhnaidh,8-2,8_Hiort/An_t_Seann_Aimsir/33_Aitichean-coomhnaidh.xml,
8-2-13,34. Chaidh Mi ’n Iomall nan Càirdean,8-2,8_Hiort/An_t_Seann_Aimsir/34_Chaidh_Mi_n_Iomall_nan_Caairdean.xml,
8-2-14,35. Sgiobadh na Charlotte: 1839,8-2,8_Hiort/An_t_Seann_Aimsir/35_Sgiobadh_na_Charlotte.xml,
8-2-15,36. Rabhd Rocabarra,8-2,8_Hiort/An_t_Seann_Aimsir/36_Rabhd_Rocabarra.xml,
8-2-2,23. Tobar nam Buadh,8-2,8_Hiort/An_t_Seann_Aimsir/23_Tobar_nam_Buadh.xml,
8-2-3,24. Laoidh na Tobrach,8-2,8_Hiort/An_t_Seann_Aimsir/24_Laoidh_na_Tobrach.xml,
8-2-4,25. An Lon,8-2,8_Hiort/An_t_Seann_Aimsir/25_An_Lon.xml,
8-2-5,26. Sreap — Seòras Seton,8-2,8_Hiort/An_t_Seann_Aimsir/26_Sreap_Seooras_Seton.xml,
8-2-6,27. Eòin agus Eunachd,8-2,8_Hiort/An_t_Seann_Aimsir/27_Eooin_agus_Eunachd.xml,
8-2-7,28. Eug an Cois na h-Eunachd: Deich Marbhrainn,8-2,8_Hiort/An_t_Seann_Aimsir/28_Eug_an_Cois_na_h-Eunachd.xml,
8-2-8,29. Sgoth agus Geingeach,8-2,8_Hiort/An_t_Seann_Aimsir/29_Sgoth_agus_Geingeach.xml,
8-2-9,30. Oigear a’ Chùil Duinn,8-2,8_Hiort/An_t_Seann_Aimsir/30_Oigear_a_Chuuil_Duinn.xml,
8-3,Linn nan Creach (1852–an-diugh),8,,
8-3-0,Linn nan Creach (1852–an-diugh),8-3,8_Hiort/Linn_nan_Creach/0.xml,
8-3-1,37. A’ Challainn,8-3,8_Hiort/Linn_nan_Creach/37_A_Challainn.xml,
8-3-10,46. Tàladh Cailin’ an Fhuilt Or-bhuidh’,8-3,8_Hiort/Linn_nan_Creach/46_Taaladh_Cailin_an_Fhuilt_Or_bhuidh.xml,
8-3-11,47. An t-Urr. Niall MacCoinnich: 1838,8-3,8_Hiort/Linn_nan_Creach/47_An_t-Urr_Niall_MacCoinnich_1838.xml,
8-3-12,48. Laoidh Fhionnlaigh Oig,8-3,8_Hiort/Linn_nan_Creach/48_Laoidh_Fhionnlaigh_Oig.xml,
8-3-13,49. Briogais nan Uighean,8-3,8_Hiort/Linn_nan_Creach/49_Briogais_nan_Uighean.xml,
8-3-14,50. An Ceann-Uidhe Astràilia: 1852,8-3,8_Hiort/Linn_nan_Creach/50_An_Ceann-Uidhe_Astraailia_1852.xml,
8-3-15,51. Calum MacCuithinn,8-3,8_Hiort/Linn_nan_Creach/51_Calum_MacCuithinn.xml,
8-3-16,52. ‘California’,8-3,8_Hiort/Linn_nan_Creach/52_California.xml,
8-3-17,53. Goill air a’ Ghleann (1878),8-3,8_Hiort/Linn_nan_Creach/53_Goill_air_a_Ghleann.xml,
8-3-18,54. Cuid a’ Bhaile gun Chùram Dheth,8-3,8_Hiort/Linn_nan_Creach/54_Cuid_a_Bhaile_gun_Chuuram_Dheth.xml,
8-3-19,55. Oighrig NicCruimein,8-3,8_Hiort/Linn_nan_Creach/55_Oighrig_NicCruimein.xml,
8-3-2,38. Seann Chlachan,8-3,8_Hiort/Linn_nan_Creach/38_Seann_Chlachan.xml,
8-3-20,56. Iorram Suirghe,8-3,8_Hiort/Linn_nan_Creach/56_Iorram_Suirghe.xml,
8-3-21,"57. Seann Nòsan air Hiort (Iain Sands, 1875)",8-3,8_Hiort/Linn_nan_Creach/57_Seann_Noosan_air_Hiort.xml,
8-3-22,58. Turas gu Boraraigh,8-3,8_Hiort/Linn_nan_Creach/58_Turas_gu_Boraraigh.xml,
8-3-23,59. An Dunara agus Luchd-Turais,8-3,8_Hiort/Linn_nan_Creach/59_An_Dunara_agus_Luchd-Turais.xml,
8-3-24,60. Call Chàirdean 1906-14,8-3,8_Hiort/Linn_nan_Creach/60_Call_Chaairdean.xml,
8-3-25,61. Iorram air Niall Dòmhnallach,8-3,8_Hiort/Linn_nan_Creach/61_Iorram_air_Niall_Doomhnallach.xml,
8-3-26,62. Eachdraidh Bean MhicLachlainn (1906),8-3,8_Hiort/Linn_nan_Creach/62_Eachdraidh_Bean_MhicLachlainn.xml,
8-3-27,63. Iorram na Truaighe,8-3,8_Hiort/Linn_nan_Creach/63_Iorram_na_Truaighe.xml,
8-3-28,64. An Cogadh Mòr air Hiort,8-3,8_Hiort/Linn_nan_Creach/64_An_Cogadh_Moor_air_Hiort.xml,
8-3-29,65. Latha an Fhàsachaidh,8-3,8_Hiort/Linn_nan_Creach/65_Latha_an_Fhaasachaidh.xml,
8-3-3,39. Cumha na Bantraich Hiortaich,8-3,8_Hiort/Linn_nan_Creach/39_Cumha_na_Bantraich_Hiortaich.xml,
8-3-30,66. Tuireadh nan Hiortach,8-3,8_Hiort/Linn_nan_Creach/66_Tuireadh_nan_Hiortach.xml,
8-3-31,67. Sunderland ML858,8-3,8_Hiort/Linn_nan_Creach/67_Sunderland_ML858.xml,
8-3-32,68. Aitichean Dìomhair,8-3,8_Hiort/Linn_nan_Creach/68_Aitichean_Diiomhair.xml,
8-3-33,69. Aimsir,8-3,8_Hiort/Linn_nan_Creach/69_Aimsir.xml,
8-3-34,70. Mar a Chrìon an Sluagh,8-3,8_Hiort/Linn_nan_Creach/70_Mar_a_Chriion_an_Sluagh.xml,
8-3-35,71. Na Teaghlaichean — Sluagh agus Sloinnidh,8-3,8_Hiort/Linn_nan_Creach/71_Na_Teaghlaichean.xml,
8-3-4,40. An Eaglais,8-3,8_Hiort/Linn_nan_Creach/40_An_Eaglais.xml,
8-3-5,"41. Boch oirinn, O",8-3,8_Hiort/Linn_nan_Creach/41_Boch_oirinn_O.xml,
8-3-6,42. Cnatan nan Gall (1696-1900),8-3,8_Hiort/Linn_nan_Creach/42_Cnatan_nan_Gall.xml,
8-3-7,"43. Utopia — Dr MacCuallaich, 1838",8-3,8_Hiort/Linn_nan_Creach/43_Utopia_Dr_MacCuallaich_1838.xml,
8-3-8,"44. Ochòin, a Thì, Nach Foir Thu Mi",8-3,8_Hiort/Linn_nan_Creach/44_Ochooin_a_Thii_Nach_Foir_Thu_Mi.xml,
8-3-9,45. A’ Ghàidhlig,8-3,8_Hiort/Linn_nan_Creach/45_A_Ghaaidhlig.xml,
9,Sùil air Meanbh-bhiastagan na Gàidhealtachd ’s nan Eilean,,9_Suuil_air_Meanbh-bhiastagan.xml,1994
